date_id,date_complete,jour,mois,annee,jour_semaine,est_jour_ferie,description_jour,is_weekend
1,2023-03-07,7,3,2023,Tuesday,False,,0
2,2023-03-08,8,3,2023,Wednesday,False,,0
3,2023-03-09,9,3,2023,Thursday,False,,0
4,2023-03-10,10,3,2023,Friday,False,,0
5,2023-03-11,11,3,2023,Saturday,False,,1
6,2023-03-12,12,3,2023,Sunday,False,,1
7,2023-03-13,13,3,2023,Monday,False,,0
8,2023-03-14,14,3,2023,Tuesday,False,,0
9,2023-03-15,15,3,2023,Wednesday,False,,0
10,2023-03-16,16,3,2023,Thursday,False,,0
11,2023-03-17,17,3,2023,Friday,False,,0
12,2023-03-18,18,3,2023,Saturday,False,,1
13,2023-03-19,19,3,2023,Sunday,False,,1
14,2023-03-20,20,3,2023,Monday,False,,0
15,2023-03-21,21,3,2023,Tuesday,False,,0
16,2023-03-22,22,3,2023,Wednesday,False,,0
17,2023-03-23,23,3,2023,Thursday,False,,0
18,2023-03-24,24,3,2023,Friday,False,,0
19,2023-03-25,25,3,2023,Saturday,False,,1
20,2023-03-26,26,3,2023,Sunday,False,,1
21,2023-03-27,27,3,2023,Monday,False,,0
22,2023-03-28,28,3,2023,Tuesday,False,,0
23,2023-03-29,29,3,2023,Wednesday,False,,0
24,2023-03-30,30,3,2023,Thursday,False,,0
25,2023-03-31,31,3,2023,Friday,False,,0
26,2023-04-01,1,4,2023,Saturday,False,,1
27,2023-04-02,2,4,2023,Sunday,False,,1
28,2023-04-03,3,4,2023,Monday,False,,0
29,2023-04-04,4,4,2023,Tuesday,False,,0
30,2023-04-05,5,4,2023,Wednesday,False,,0
31,2023-04-06,6,4,2023,Thursday,False,,0
32,2023-04-07,7,4,2023,Friday,False,,0
33,2023-04-08,8,4,2023,Saturday,False,,1
34,2023-04-09,9,4,2023,Sunday,False,,1
35,2023-04-10,10,4,2023,Monday,False,,0
36,2023-04-11,11,4,2023,Tuesday,False,,0
37,2023-04-12,12,4,2023,Wednesday,False,,0
38,2023-04-13,13,4,2023,Thursday,False,,0
39,2023-04-14,14,4,2023,Friday,False,,0
40,2023-04-15,15,4,2023,Saturday,False,,1
41,2023-04-16,16,4,2023,Sunday,False,,1
42,2023-04-17,17,4,2023,Monday,False,,0
43,2023-04-18,18,4,2023,Tuesday,False,,0
44,2023-04-19,19,4,2023,Wednesday,False,,0
45,2023-04-20,20,4,2023,Thursday,False,,0
46,2023-04-21,21,4,2023,Friday,False,,0
47,2023-04-22,22,4,2023,Saturday,False,,1
48,2023-04-23,23,4,2023,Sunday,False,,1
49,2023-04-24,24,4,2023,Monday,False,,0
50,2023-04-25,25,4,2023,Tuesday,False,,0
51,2023-04-26,26,4,2023,Wednesday,False,,0
52,2023-04-27,27,4,2023,Thursday,False,,0
53,2023-04-28,28,4,2023,Friday,False,,0
54,2023-04-29,29,4,2023,Saturday,False,,1
55,2023-04-30,30,4,2023,Sunday,False,,1
56,2023-05-01,1,5,2023,Monday,True,Fête du Travail,0
57,2023-05-02,2,5,2023,Tuesday,False,,0
58,2023-05-03,3,5,2023,Wednesday,False,,0
59,2023-05-04,4,5,2023,Thursday,False,,0
60,2023-05-05,5,5,2023,Friday,False,,0
61,2023-05-06,6,5,2023,Saturday,False,,1
62,2023-05-07,7,5,2023,Sunday,False,,1
63,2023-05-08,8,5,2023,Monday,True,Victoire 1945,0
64,2023-05-09,9,5,2023,Tuesday,False,,0
65,2023-05-10,10,5,2023,Wednesday,False,,0
66,2023-05-11,11,5,2023,Thursday,False,,0
67,2023-05-12,12,5,2023,Friday,False,,0
68,2023-05-13,13,5,2023,Saturday,False,,1
69,2023-05-14,14,5,2023,Sunday,False,,1
70,2023-05-15,15,5,2023,Monday,False,,0
71,2023-05-16,16,5,2023,Tuesday,False,,0
72,2023-05-17,17,5,2023,Wednesday,False,,0
73,2023-05-18,18,5,2023,Thursday,False,,0
74,2023-05-19,19,5,2023,Friday,False,,0
75,2023-05-20,20,5,2023,Saturday,False,,1
76,2023-05-21,21,5,2023,Sunday,False,,1
77,2023-05-22,22,5,2023,Monday,False,,0
78,2023-05-23,23,5,2023,Tuesday,False,,0
79,2023-05-24,24,5,2023,Wednesday,False,,0
80,2023-05-25,25,5,2023,Thursday,False,,0
81,2023-05-26,26,5,2023,Friday,False,,0
82,2023-05-27,27,5,2023,Saturday,False,,1
83,2023-05-28,28,5,2023,Sunday,False,,1
84,2023-05-29,29,5,2023,Monday,False,,0
85,2023-05-30,30,5,2023,Tuesday,False,,0
86,2023-05-31,31,5,2023,Wednesday,False,,0
87,2023-06-01,1,6,2023,Thursday,False,,0
88,2023-06-02,2,6,2023,Friday,False,,0
89,2023-06-03,3,6,2023,Saturday,False,,1
90,2023-06-04,4,6,2023,Sunday,False,,1
91,2023-06-05,5,6,2023,Monday,False,,0
92,2023-06-06,6,6,2023,Tuesday,False,,0
93,2023-06-07,7,6,2023,Wednesday,False,,0
94,2023-06-08,8,6,2023,Thursday,False,,0
95,2023-06-09,9,6,2023,Friday,False,,0
96,2023-06-10,10,6,2023,Saturday,False,,1
97,2023-06-11,11,6,2023,Sunday,False,,1
98,2023-06-12,12,6,2023,Monday,False,,0
99,2023-06-13,13,6,2023,Tuesday,False,,0
100,2023-06-14,14,6,2023,Wednesday,False,,0
101,2023-06-15,15,6,2023,Thursday,False,,0
102,2023-06-16,16,6,2023,Friday,False,,0
103,2023-06-17,17,6,2023,Saturday,False,,1
104,2023-06-18,18,6,2023,Sunday,False,,1
105,2023-06-19,19,6,2023,Monday,False,,0
106,2023-06-20,20,6,2023,Tuesday,False,,0
107,2023-06-21,21,6,2023,Wednesday,False,,0
108,2023-06-22,22,6,2023,Thursday,False,,0
109,2023-06-23,23,6,2023,Friday,False,,0
110,2023-06-24,24,6,2023,Saturday,False,,1
111,2023-06-25,25,6,2023,Sunday,False,,1
112,2023-06-26,26,6,2023,Monday,False,,0
113,2023-06-27,27,6,2023,Tuesday,False,,0
114,2023-06-28,28,6,2023,Wednesday,False,,0
115,2023-06-29,29,6,2023,Thursday,False,,0
116,2023-06-30,30,6,2023,Friday,False,,0
117,2023-07-01,1,7,2023,Saturday,False,,1
118,2023-07-02,2,7,2023,Sunday,False,,1
119,2023-07-03,3,7,2023,Monday,False,,0
120,2023-07-04,4,7,2023,Tuesday,False,,0
121,2023-07-05,5,7,2023,Wednesday,False,,0
122,2023-07-06,6,7,2023,Thursday,False,,0
123,2023-07-07,7,7,2023,Friday,False,,0
124,2023-07-08,8,7,2023,Saturday,False,,1
125,2023-07-09,9,7,2023,Sunday,False,,1
126,2023-07-10,10,7,2023,Monday,False,,0
127,2023-07-11,11,7,2023,Tuesday,False,,0
128,2023-07-12,12,7,2023,Wednesday,False,,0
129,2023-07-13,13,7,2023,Thursday,False,,0
130,2023-07-14,14,7,2023,Friday,True,Fête Nationale,0
131,2023-07-15,15,7,2023,Saturday,False,,1
132,2023-07-16,16,7,2023,Sunday,False,,1
133,2023-07-17,17,7,2023,Monday,False,,0
134,2023-07-18,18,7,2023,Tuesday,False,,0
135,2023-07-19,19,7,2023,Wednesday,False,,0
136,2023-07-20,20,7,2023,Thursday,False,,0
137,2023-07-21,21,7,2023,Friday,False,,0
138,2023-07-22,22,7,2023,Saturday,False,,1
139,2023-07-23,23,7,2023,Sunday,False,,1
140,2023-07-24,24,7,2023,Monday,False,,0
141,2023-07-25,25,7,2023,Tuesday,False,,0
142,2023-07-26,26,7,2023,Wednesday,False,,0
143,2023-07-27,27,7,2023,Thursday,False,,0
144,2023-07-28,28,7,2023,Friday,False,,0
145,2023-07-29,29,7,2023,Saturday,False,,1
146,2023-07-30,30,7,2023,Sunday,False,,1
147,2023-07-31,31,7,2023,Monday,False,,0
148,2023-08-01,1,8,2023,Tuesday,False,,0
149,2023-08-02,2,8,2023,Wednesday,False,,0
150,2023-08-03,3,8,2023,Thursday,False,,0
151,2023-08-04,4,8,2023,Friday,False,,0
152,2023-08-05,5,8,2023,Saturday,False,,1
153,2023-08-06,6,8,2023,Sunday,False,,1
154,2023-08-07,7,8,2023,Monday,False,,0
155,2023-08-08,8,8,2023,Tuesday,False,,0
156,2023-08-09,9,8,2023,Wednesday,False,,0
157,2023-08-10,10,8,2023,Thursday,False,,0
158,2023-08-11,11,8,2023,Friday,False,,0
159,2023-08-12,12,8,2023,Saturday,False,,1
160,2023-08-13,13,8,2023,Sunday,False,,1
161,2023-08-14,14,8,2023,Monday,False,,0
162,2023-08-15,15,8,2023,Tuesday,True,Assomption,0
163,2023-08-16,16,8,2023,Wednesday,False,,0
164,2023-08-17,17,8,2023,Thursday,False,,0
165,2023-08-18,18,8,2023,Friday,False,,0
166,2023-08-19,19,8,2023,Saturday,False,,1
167,2023-08-20,20,8,2023,Sunday,False,,1
168,2023-08-21,21,8,2023,Monday,False,,0
169,2023-08-22,22,8,2023,Tuesday,False,,0
170,2023-08-23,23,8,2023,Wednesday,False,,0
171,2023-08-24,24,8,2023,Thursday,False,,0
172,2023-08-25,25,8,2023,Friday,False,,0
173,2023-08-26,26,8,2023,Saturday,False,,1
174,2023-08-27,27,8,2023,Sunday,False,,1
175,2023-08-28,28,8,2023,Monday,False,,0
176,2023-08-29,29,8,2023,Tuesday,False,,0
177,2023-08-30,30,8,2023,Wednesday,False,,0
178,2023-08-31,31,8,2023,Thursday,False,,0
179,2023-09-01,1,9,2023,Friday,False,,0
180,2023-09-02,2,9,2023,Saturday,False,,1
181,2023-09-03,3,9,2023,Sunday,False,,1
182,2023-09-04,4,9,2023,Monday,False,,0
183,2023-09-05,5,9,2023,Tuesday,False,,0
184,2023-09-06,6,9,2023,Wednesday,False,,0
185,2023-09-07,7,9,2023,Thursday,False,,0
186,2023-09-08,8,9,2023,Friday,False,,0
187,2023-09-09,9,9,2023,Saturday,False,,1
188,2023-09-10,10,9,2023,Sunday,False,,1
189,2023-09-11,11,9,2023,Monday,False,,0
190,2023-09-12,12,9,2023,Tuesday,False,,0
191,2023-09-13,13,9,2023,Wednesday,False,,0
192,2023-09-14,14,9,2023,Thursday,False,,0
193,2023-09-15,15,9,2023,Friday,False,,0
194,2023-09-16,16,9,2023,Saturday,False,,1
195,2023-09-17,17,9,2023,Sunday,False,,1
196,2023-09-18,18,9,2023,Monday,False,,0
197,2023-09-19,19,9,2023,Tuesday,False,,0
198,2023-09-20,20,9,2023,Wednesday,False,,0
199,2023-09-21,21,9,2023,Thursday,False,,0
200,2023-09-22,22,9,2023,Friday,False,,0
201,2023-09-23,23,9,2023,Saturday,False,,1
202,2023-09-24,24,9,2023,Sunday,False,,1
203,2023-09-25,25,9,2023,Monday,False,,0
204,2023-09-26,26,9,2023,Tuesday,False,,0
205,2023-09-27,27,9,2023,Wednesday,False,,0
206,2023-09-28,28,9,2023,Thursday,False,,0
207,2023-09-29,29,9,2023,Friday,False,,0
208,2023-09-30,30,9,2023,Saturday,False,,1
209,2023-10-01,1,10,2023,Sunday,False,,1
210,2023-10-02,2,10,2023,Monday,False,,0
211,2023-10-03,3,10,2023,Tuesday,False,,0
212,2023-10-04,4,10,2023,Wednesday,False,,0
213,2023-10-05,5,10,2023,Thursday,False,,0
214,2023-10-06,6,10,2023,Friday,False,,0
215,2023-10-07,7,10,2023,Saturday,False,,1
216,2023-10-08,8,10,2023,Sunday,False,,1
217,2023-10-09,9,10,2023,Monday,False,,0
218,2023-10-10,10,10,2023,Tuesday,False,,0
219,2023-10-11,11,10,2023,Wednesday,False,,0
220,2023-10-12,12,10,2023,Thursday,False,,0
221,2023-10-13,13,10,2023,Friday,False,,0
222,2023-10-14,14,10,2023,Saturday,False,,1
223,2023-10-15,15,10,2023,Sunday,False,,1
224,2023-10-16,16,10,2023,Monday,False,,0
225,2023-10-17,17,10,2023,Tuesday,False,,0
226,2023-10-18,18,10,2023,Wednesday,False,,0
227,2023-10-19,19,10,2023,Thursday,False,,0
228,2023-10-20,20,10,2023,Friday,False,,0
229,2023-10-21,21,10,2023,Saturday,False,,1
230,2023-10-22,22,10,2023,Sunday,False,,1
231,2023-10-23,23,10,2023,Monday,False,,0
232,2023-10-24,24,10,2023,Tuesday,False,,0
233,2023-10-25,25,10,2023,Wednesday,False,,0
234,2023-10-26,26,10,2023,Thursday,False,,0
235,2023-10-27,27,10,2023,Friday,False,,0
236,2023-10-28,28,10,2023,Saturday,False,,1
237,2023-10-29,29,10,2023,Sunday,False,,1
238,2023-10-30,30,10,2023,Monday,False,,0
239,2023-10-31,31,10,2023,Tuesday,False,,0
240,2023-11-01,1,11,2023,Wednesday,True,Toussaint,0
241,2023-11-02,2,11,2023,Thursday,False,,0
242,2023-11-03,3,11,2023,Friday,False,,0
243,2023-11-04,4,11,2023,Saturday,False,,1
244,2023-11-05,5,11,2023,Sunday,False,,1
245,2023-11-06,6,11,2023,Monday,False,,0
246,2023-11-07,7,11,2023,Tuesday,False,,0
247,2023-11-08,8,11,2023,Wednesday,False,,0
248,2023-11-09,9,11,2023,Thursday,False,,0
249,2023-11-10,10,11,2023,Friday,False,,0
250,2023-11-11,11,11,2023,Saturday,True,Armistice 1918,1
251,2023-11-12,12,11,2023,Sunday,False,,1
252,2023-11-13,13,11,2023,Monday,False,,0
253,2023-11-14,14,11,2023,Tuesday,False,,0
254,2023-11-15,15,11,2023,Wednesday,False,,0
255,2023-11-16,16,11,2023,Thursday,False,,0
256,2023-11-17,17,11,2023,Friday,False,,0
257,2023-11-18,18,11,2023,Saturday,False,,1
258,2023-11-19,19,11,2023,Sunday,False,,1
259,2023-11-20,20,11,2023,Monday,False,,0
260,2023-11-21,21,11,2023,Tuesday,False,,0
261,2023-11-22,22,11,2023,Wednesday,False,,0
262,2023-11-23,23,11,2023,Thursday,False,,0
263,2023-11-24,24,11,2023,Friday,False,,0
264,2023-11-25,25,11,2023,Saturday,False,,1
265,2023-11-26,26,11,2023,Sunday,False,,1
266,2023-11-27,27,11,2023,Monday,False,,0
267,2023-11-28,28,11,2023,Tuesday,False,,0
268,2023-11-29,29,11,2023,Wednesday,False,,0
269,2023-11-30,30,11,2023,Thursday,False,,0
270,2023-12-01,1,12,2023,Friday,False,,0
271,2023-12-02,2,12,2023,Saturday,False,,1
272,2023-12-03,3,12,2023,Sunday,False,,1
273,2023-12-04,4,12,2023,Monday,False,,0
274,2023-12-05,5,12,2023,Tuesday,False,,0
275,2023-12-06,6,12,2023,Wednesday,False,,0
276,2023-12-07,7,12,2023,Thursday,False,,0
277,2023-12-08,8,12,2023,Friday,False,,0
278,2023-12-09,9,12,2023,Saturday,False,,1
279,2023-12-10,10,12,2023,Sunday,False,,1
280,2023-12-11,11,12,2023,Monday,False,,0
281,2023-12-12,12,12,2023,Tuesday,False,,0
282,2023-12-13,13,12,2023,Wednesday,False,,0
283,2023-12-14,14,12,2023,Thursday,False,,0
284,2023-12-15,15,12,2023,Friday,False,,0
285,2023-12-16,16,12,2023,Saturday,False,,1
286,2023-12-17,17,12,2023,Sunday,False,,1
287,2023-12-18,18,12,2023,Monday,False,,0
288,2023-12-19,19,12,2023,Tuesday,False,,0
289,2023-12-20,20,12,2023,Wednesday,False,,0
290,2023-12-21,21,12,2023,Thursday,False,,0
291,2023-12-22,22,12,2023,Friday,False,,0
292,2023-12-23,23,12,2023,Saturday,False,,1
293,2023-12-24,24,12,2023,Sunday,False,,1
294,2023-12-25,25,12,2023,Monday,True,Noël,0
295,2023-12-26,26,12,2023,Tuesday,False,,0
296,2023-12-27,27,12,2023,Wednesday,False,,0
297,2023-12-28,28,12,2023,Thursday,False,,0
298,2023-12-29,29,12,2023,Friday,False,,0
299,2023-12-30,30,12,2023,Saturday,False,,1
300,2023-12-31,31,12,2023,Sunday,False,,1
301,2024-01-01,1,1,2024,Monday,True,Jour de l'An,0
302,2024-01-02,2,1,2024,Tuesday,False,,0
303,2024-01-03,3,1,2024,Wednesday,False,,0
304,2024-01-04,4,1,2024,Thursday,False,,0
305,2024-01-05,5,1,2024,Friday,False,,0
306,2024-01-06,6,1,2024,Saturday,False,,1
307,2024-01-07,7,1,2024,Sunday,False,,1
308,2024-01-08,8,1,2024,Monday,False,,0
309,2024-01-09,9,1,2024,Tuesday,False,,0
310,2024-01-10,10,1,2024,Wednesday,False,,0
311,2024-01-11,11,1,2024,Thursday,False,,0
312,2024-01-12,12,1,2024,Friday,False,,0
313,2024-01-13,13,1,2024,Saturday,False,,1
314,2024-01-14,14,1,2024,Sunday,False,,1
315,2024-01-15,15,1,2024,Monday,False,,0
316,2024-01-16,16,1,2024,Tuesday,False,,0
317,2024-01-17,17,1,2024,Wednesday,False,,0
318,2024-01-18,18,1,2024,Thursday,False,,0
319,2024-01-19,19,1,2024,Friday,False,,0
320,2024-01-20,20,1,2024,Saturday,False,,1
321,2024-01-21,21,1,2024,Sunday,False,,1
322,2024-01-22,22,1,2024,Monday,False,,0
323,2024-01-23,23,1,2024,Tuesday,False,,0
324,2024-01-24,24,1,2024,Wednesday,False,,0
325,2024-01-25,25,1,2024,Thursday,False,,0
326,2024-01-26,26,1,2024,Friday,False,,0
327,2024-01-27,27,1,2024,Saturday,False,,1
328,2024-01-28,28,1,2024,Sunday,False,,1
329,2024-01-29,29,1,2024,Monday,False,,0
330,2024-01-30,30,1,2024,Tuesday,False,,0
331,2024-01-31,31,1,2024,Wednesday,False,,0
332,2024-02-01,1,2,2024,Thursday,False,,0
333,2024-02-02,2,2,2024,Friday,False,,0
334,2024-02-03,3,2,2024,Saturday,False,,1
335,2024-02-04,4,2,2024,Sunday,False,,1
336,2024-02-05,5,2,2024,Monday,False,,0
337,2024-02-06,6,2,2024,Tuesday,False,,0
338,2024-02-07,7,2,2024,Wednesday,False,,0
339,2024-02-08,8,2,2024,Thursday,False,,0
340,2024-02-09,9,2,2024,Friday,False,,0
341,2024-02-10,10,2,2024,Saturday,False,,1
342,2024-02-11,11,2,2024,Sunday,False,,1
343,2024-02-12,12,2,2024,Monday,False,,0
344,2024-02-13,13,2,2024,Tuesday,False,,0
345,2024-02-14,14,2,2024,Wednesday,False,,0
346,2024-02-15,15,2,2024,Thursday,False,,0
347,2024-02-16,16,2,2024,Friday,False,,0
348,2024-02-17,17,2,2024,Saturday,False,,1
349,2024-02-18,18,2,2024,Sunday,False,,1
350,2024-02-19,19,2,2024,Monday,False,,0
351,2024-02-20,20,2,2024,Tuesday,False,,0
352,2024-02-21,21,2,2024,Wednesday,False,,0
353,2024-02-22,22,2,2024,Thursday,False,,0
354,2024-02-23,23,2,2024,Friday,False,,0
355,2024-02-24,24,2,2024,Saturday,False,,1
356,2024-02-25,25,2,2024,Sunday,False,,1
357,2024-02-26,26,2,2024,Monday,False,,0
358,2024-02-27,27,2,2024,Tuesday,False,,0
359,2024-02-28,28,2,2024,Wednesday,False,,0
360,2024-02-29,29,2,2024,Thursday,False,,0
361,2024-03-01,1,3,2024,Friday,False,,0
362,2024-03-02,2,3,2024,Saturday,False,,1
363,2024-03-03,3,3,2024,Sunday,False,,1
364,2024-03-04,4,3,2024,Monday,False,,0
365,2024-03-05,5,3,2024,Tuesday,False,,0
366,2024-03-06,6,3,2024,Wednesday,False,,0
367,2024-03-07,7,3,2024,Thursday,False,,0
368,2024-03-08,8,3,2024,Friday,False,,0
369,2024-03-09,9,3,2024,Saturday,False,,1
370,2024-03-10,10,3,2024,Sunday,False,,1
371,2024-03-11,11,3,2024,Monday,False,,0
372,2024-03-12,12,3,2024,Tuesday,False,,0
373,2024-03-13,13,3,2024,Wednesday,False,,0
374,2024-03-14,14,3,2024,Thursday,False,,0
375,2024-03-15,15,3,2024,Friday,False,,0
376,2024-03-16,16,3,2024,Saturday,False,,1
377,2024-03-17,17,3,2024,Sunday,False,,1
378,2024-03-18,18,3,2024,Monday,False,,0
379,2024-03-19,19,3,2024,Tuesday,False,,0
380,2024-03-20,20,3,2024,Wednesday,False,,0
381,2024-03-21,21,3,2024,Thursday,False,,0
382,2024-03-22,22,3,2024,Friday,False,,0
383,2024-03-23,23,3,2024,Saturday,False,,1
384,2024-03-24,24,3,2024,Sunday,False,,1
385,2024-03-25,25,3,2024,Monday,False,,0
386,2024-03-26,26,3,2024,Tuesday,False,,0
387,2024-03-27,27,3,2024,Wednesday,False,,0
388,2024-03-28,28,3,2024,Thursday,False,,0
389,2024-03-29,29,3,2024,Friday,False,,0
390,2024-03-30,30,3,2024,Saturday,False,,1
391,2024-03-31,31,3,2024,Sunday,False,,1
392,2024-04-01,1,4,2024,Monday,False,,0
393,2024-04-02,2,4,2024,Tuesday,False,,0
394,2024-04-03,3,4,2024,Wednesday,False,,0
395,2024-04-04,4,4,2024,Thursday,False,,0
396,2024-04-05,5,4,2024,Friday,False,,0
397,2024-04-06,6,4,2024,Saturday,False,,1
398,2024-04-07,7,4,2024,Sunday,False,,1
399,2024-04-08,8,4,2024,Monday,False,,0
400,2024-04-09,9,4,2024,Tuesday,False,,0
401,2024-04-10,10,4,2024,Wednesday,False,,0
402,2024-04-11,11,4,2024,Thursday,False,,0
403,2024-04-12,12,4,2024,Friday,False,,0
404,2024-04-13,13,4,2024,Saturday,False,,1
405,2024-04-14,14,4,2024,Sunday,False,,1
406,2024-04-15,15,4,2024,Monday,False,,0
407,2024-04-16,16,4,2024,Tuesday,False,,0
408,2024-04-17,17,4,2024,Wednesday,False,,0
409,2024-04-18,18,4,2024,Thursday,False,,0
410,2024-04-19,19,4,2024,Friday,False,,0
411,2024-04-20,20,4,2024,Saturday,False,,1
412,2024-04-21,21,4,2024,Sunday,False,,1
413,2024-04-22,22,4,2024,Monday,False,,0
414,2024-04-23,23,4,2024,Tuesday,False,,0
415,2024-04-24,24,4,2024,Wednesday,False,,0
416,2024-04-25,25,4,2024,Thursday,False,,0
417,2024-04-26,26,4,2024,Friday,False,,0
418,2024-04-27,27,4,2024,Saturday,False,,1
419,2024-04-28,28,4,2024,Sunday,False,,1
420,2024-04-29,29,4,2024,Monday,False,,0
421,2024-04-30,30,4,2024,Tuesday,False,,0
422,2024-05-01,1,5,2024,Wednesday,True,Fête du Travail,0
423,2024-05-02,2,5,2024,Thursday,False,,0
424,2024-05-03,3,5,2024,Friday,False,,0
425,2024-05-04,4,5,2024,Saturday,False,,1
426,2024-05-05,5,5,2024,Sunday,False,,1
427,2024-05-06,6,5,2024,Monday,False,,0
428,2024-05-07,7,5,2024,Tuesday,False,,0
429,2024-05-08,8,5,2024,Wednesday,True,Victoire 1945,0
430,2024-05-09,9,5,2024,Thursday,False,,0
431,2024-05-10,10,5,2024,Friday,False,,0
432,2024-05-11,11,5,2024,Saturday,False,,1
433,2024-05-12,12,5,2024,Sunday,False,,1
434,2024-05-13,13,5,2024,Monday,False,,0
435,2024-05-14,14,5,2024,Tuesday,False,,0
436,2024-05-15,15,5,2024,Wednesday,False,,0
437,2024-05-16,16,5,2024,Thursday,False,,0
438,2024-05-17,17,5,2024,Friday,False,,0
439,2024-05-18,18,5,2024,Saturday,False,,1
440,2024-05-19,19,5,2024,Sunday,False,,1
441,2024-05-20,20,5,2024,Monday,False,,0
442,2024-05-21,21,5,2024,Tuesday,False,,0
443,2024-05-22,22,5,2024,Wednesday,False,,0
444,2024-05-23,23,5,2024,Thursday,False,,0
445,2024-05-24,24,5,2024,Friday,False,,0
446,2024-05-25,25,5,2024,Saturday,False,,1
447,2024-05-26,26,5,2024,Sunday,False,,1
448,2024-05-27,27,5,2024,Monday,False,,0
449,2024-05-28,28,5,2024,Tuesday,False,,0
450,2024-05-29,29,5,2024,Wednesday,False,,0
451,2024-05-30,30,5,2024,Thursday,False,,0
452,2024-05-31,31,5,2024,Friday,False,,0
453,2024-06-01,1,6,2024,Saturday,False,,1
454,2024-06-02,2,6,2024,Sunday,False,,1
455,2024-06-03,3,6,2024,Monday,False,,0
456,2024-06-04,4,6,2024,Tuesday,False,,0
457,2024-06-05,5,6,2024,Wednesday,False,,0
458,2024-06-06,6,6,2024,Thursday,False,,0
459,2024-06-07,7,6,2024,Friday,False,,0
460,2024-06-08,8,6,2024,Saturday,False,,1
461,2024-06-09,9,6,2024,Sunday,False,,1
462,2024-06-10,10,6,2024,Monday,False,,0
463,2024-06-11,11,6,2024,Tuesday,False,,0
464,2024-06-12,12,6,2024,Wednesday,False,,0
465,2024-06-13,13,6,2024,Thursday,False,,0
466,2024-06-14,14,6,2024,Friday,False,,0
467,2024-06-15,15,6,2024,Saturday,False,,1
468,2024-06-16,16,6,2024,Sunday,False,,1
469,2024-06-17,17,6,2024,Monday,False,,0
470,2024-06-18,18,6,2024,Tuesday,False,,0
471,2024-06-19,19,6,2024,Wednesday,False,,0
472,2024-06-20,20,6,2024,Thursday,False,,0
473,2024-06-21,21,6,2024,Friday,False,,0
474,2024-06-22,22,6,2024,Saturday,False,,1
475,2024-06-23,23,6,2024,Sunday,False,,1
476,2024-06-24,24,6,2024,Monday,False,,0
477,2024-06-25,25,6,2024,Tuesday,False,,0
478,2024-06-26,26,6,2024,Wednesday,False,,0
479,2024-06-27,27,6,2024,Thursday,False,,0
480,2024-06-28,28,6,2024,Friday,False,,0
481,2024-06-29,29,6,2024,Saturday,False,,1
482,2024-06-30,30,6,2024,Sunday,False,,1
483,2024-07-01,1,7,2024,Monday,False,,0
484,2024-07-02,2,7,2024,Tuesday,False,,0
485,2024-07-03,3,7,2024,Wednesday,False,,0
486,2024-07-04,4,7,2024,Thursday,False,,0
487,2024-07-05,5,7,2024,Friday,False,,0
488,2024-07-06,6,7,2024,Saturday,False,,1
489,2024-07-07,7,7,2024,Sunday,False,,1
490,2024-07-08,8,7,2024,Monday,False,,0
491,2024-07-09,9,7,2024,Tuesday,False,,0
492,2024-07-10,10,7,2024,Wednesday,False,,0
493,2024-07-11,11,7,2024,Thursday,False,,0
494,2024-07-12,12,7,2024,Friday,False,,0
495,2024-07-13,13,7,2024,Saturday,False,,1
496,2024-07-14,14,7,2024,Sunday,True,Fête Nationale,1
497,2024-07-15,15,7,2024,Monday,False,,0
498,2024-07-16,16,7,2024,Tuesday,False,,0
499,2024-07-17,17,7,2024,Wednesday,False,,0
500,2024-07-18,18,7,2024,Thursday,False,,0
501,2024-07-19,19,7,2024,Friday,False,,0
502,2024-07-20,20,7,2024,Saturday,False,,1
503,2024-07-21,21,7,2024,Sunday,False,,1
504,2024-07-22,22,7,2024,Monday,False,,0
505,2024-07-23,23,7,2024,Tuesday,False,,0
506,2024-07-24,24,7,2024,Wednesday,False,,0
507,2024-07-25,25,7,2024,Thursday,False,,0
508,2024-07-26,26,7,2024,Friday,False,,0
509,2024-07-27,27,7,2024,Saturday,False,,1
510,2024-07-28,28,7,2024,Sunday,False,,1
511,2024-07-29,29,7,2024,Monday,False,,0
512,2024-07-30,30,7,2024,Tuesday,False,,0
513,2024-07-31,31,7,2024,Wednesday,False,,0
514,2024-08-01,1,8,2024,Thursday,False,,0
515,2024-08-02,2,8,2024,Friday,False,,0
516,2024-08-03,3,8,2024,Saturday,False,,1
517,2024-08-04,4,8,2024,Sunday,False,,1
518,2024-08-05,5,8,2024,Monday,False,,0
519,2024-08-06,6,8,2024,Tuesday,False,,0
520,2024-08-07,7,8,2024,Wednesday,False,,0
521,2024-08-08,8,8,2024,Thursday,False,,0
522,2024-08-09,9,8,2024,Friday,False,,0
523,2024-08-10,10,8,2024,Saturday,False,,1
524,2024-08-11,11,8,2024,Sunday,False,,1
525,2024-08-12,12,8,2024,Monday,False,,0
526,2024-08-13,13,8,2024,Tuesday,False,,0
527,2024-08-14,14,8,2024,Wednesday,False,,0
528,2024-08-15,15,8,2024,Thursday,True,Assomption,0
529,2024-08-16,16,8,2024,Friday,False,,0
530,2024-08-17,17,8,2024,Saturday,False,,1
531,2024-08-18,18,8,2024,Sunday,False,,1
532,2024-08-19,19,8,2024,Monday,False,,0
533,2024-08-20,20,8,2024,Tuesday,False,,0
534,2024-08-21,21,8,2024,Wednesday,False,,0
535,2024-08-22,22,8,2024,Thursday,False,,0
536,2024-08-23,23,8,2024,Friday,False,,0
537,2024-08-24,24,8,2024,Saturday,False,,1
538,2024-08-25,25,8,2024,Sunday,False,,1
539,2024-08-26,26,8,2024,Monday,False,,0
540,2024-08-27,27,8,2024,Tuesday,False,,0
541,2024-08-28,28,8,2024,Wednesday,False,,0
542,2024-08-29,29,8,2024,Thursday,False,,0
543,2024-08-30,30,8,2024,Friday,False,,0
544,2024-08-31,31,8,2024,Saturday,False,,1
545,2024-09-01,1,9,2024,Sunday,False,,1
546,2024-09-02,2,9,2024,Monday,False,,0
547,2024-09-03,3,9,2024,Tuesday,False,,0
548,2024-09-04,4,9,2024,Wednesday,False,,0
549,2024-09-05,5,9,2024,Thursday,False,,0
550,2024-09-06,6,9,2024,Friday,False,,0
551,2024-09-07,7,9,2024,Saturday,False,,1
552,2024-09-08,8,9,2024,Sunday,False,,1
553,2024-09-09,9,9,2024,Monday,False,,0
554,2024-09-10,10,9,2024,Tuesday,False,,0
555,2024-09-11,11,9,2024,Wednesday,False,,0
556,2024-09-12,12,9,2024,Thursday,False,,0
557,2024-09-13,13,9,2024,Friday,False,,0
558,2024-09-14,14,9,2024,Saturday,False,,1
559,2024-09-15,15,9,2024,Sunday,False,,1
560,2024-09-16,16,9,2024,Monday,False,,0
561,2024-09-17,17,9,2024,Tuesday,False,,0
562,2024-09-18,18,9,2024,Wednesday,False,,0
563,2024-09-19,19,9,2024,Thursday,False,,0
564,2024-09-20,20,9,2024,Friday,False,,0
565,2024-09-21,21,9,2024,Saturday,False,,1
566,2024-09-22,22,9,2024,Sunday,False,,1
567,2024-09-23,23,9,2024,Monday,False,,0
568,2024-09-24,24,9,2024,Tuesday,False,,0
569,2024-09-25,25,9,2024,Wednesday,False,,0
570,2024-09-26,26,9,2024,Thursday,False,,0
571,2024-09-27,27,9,2024,Friday,False,,0
572,2024-09-28,28,9,2024,Saturday,False,,1
573,2024-09-29,29,9,2024,Sunday,False,,1
574,2024-09-30,30,9,2024,Monday,False,,0
575,2024-10-01,1,10,2024,Tuesday,False,,0
576,2024-10-02,2,10,2024,Wednesday,False,,0
577,2024-10-03,3,10,2024,Thursday,False,,0
578,2024-10-04,4,10,2024,Friday,False,,0
579,2024-10-05,5,10,2024,Saturday,False,,1
580,2024-10-06,6,10,2024,Sunday,False,,1
581,2024-10-07,7,10,2024,Monday,False,,0
582,2024-10-08,8,10,2024,Tuesday,False,,0
583,2024-10-09,9,10,2024,Wednesday,False,,0
584,2024-10-10,10,10,2024,Thursday,False,,0
585,2024-10-11,11,10,2024,Friday,False,,0
586,2024-10-12,12,10,2024,Saturday,False,,1
587,2024-10-13,13,10,2024,Sunday,False,,1
588,2024-10-14,14,10,2024,Monday,False,,0
589,2024-10-15,15,10,2024,Tuesday,False,,0
590,2024-10-16,16,10,2024,Wednesday,False,,0
591,2024-10-17,17,10,2024,Thursday,False,,0
592,2024-10-18,18,10,2024,Friday,False,,0
593,2024-10-19,19,10,2024,Saturday,False,,1
594,2024-10-20,20,10,2024,Sunday,False,,1
595,2024-10-21,21,10,2024,Monday,False,,0
596,2024-10-22,22,10,2024,Tuesday,False,,0
597,2024-10-23,23,10,2024,Wednesday,False,,0
598,2024-10-24,24,10,2024,Thursday,False,,0
599,2024-10-25,25,10,2024,Friday,False,,0
600,2024-10-26,26,10,2024,Saturday,False,,1
601,2024-10-27,27,10,2024,Sunday,False,,1
602,2024-10-28,28,10,2024,Monday,False,,0
603,2024-10-29,29,10,2024,Tuesday,False,,0
604,2024-10-30,30,10,2024,Wednesday,False,,0
605,2024-10-31,31,10,2024,Thursday,False,,0
606,2024-11-01,1,11,2024,Friday,True,Toussaint,0
607,2024-11-02,2,11,2024,Saturday,False,,1
608,2024-11-03,3,11,2024,Sunday,False,,1
609,2024-11-04,4,11,2024,Monday,False,,0
610,2024-11-05,5,11,2024,Tuesday,False,,0
611,2024-11-06,6,11,2024,Wednesday,False,,0
612,2024-11-07,7,11,2024,Thursday,False,,0
613,2024-11-08,8,11,2024,Friday,False,,0
614,2024-11-09,9,11,2024,Saturday,False,,1
615,2024-11-10,10,11,2024,Sunday,False,,1
616,2024-11-11,11,11,2024,Monday,True,Armistice 1918,0
617,2024-11-12,12,11,2024,Tuesday,False,,0
618,2024-11-13,13,11,2024,Wednesday,False,,0
619,2024-11-14,14,11,2024,Thursday,False,,0
620,2024-11-15,15,11,2024,Friday,False,,0
621,2024-11-16,16,11,2024,Saturday,False,,1
622,2024-11-17,17,11,2024,Sunday,False,,1
623,2024-11-18,18,11,2024,Monday,False,,0
624,2024-11-19,19,11,2024,Tuesday,False,,0
625,2024-11-20,20,11,2024,Wednesday,False,,0
626,2024-11-21,21,11,2024,Thursday,False,,0
627,2024-11-22,22,11,2024,Friday,False,,0
628,2024-11-23,23,11,2024,Saturday,False,,1
629,2024-11-24,24,11,2024,Sunday,False,,1
630,2024-11-25,25,11,2024,Monday,False,,0
631,2024-11-26,26,11,2024,Tuesday,False,,0
632,2024-11-27,27,11,2024,Wednesday,False,,0
633,2024-11-28,28,11,2024,Thursday,False,,0
634,2024-11-29,29,11,2024,Friday,False,,0
635,2024-11-30,30,11,2024,Saturday,False,,1
636,2024-12-01,1,12,2024,Sunday,False,,1
637,2024-12-02,2,12,2024,Monday,False,,0
638,2024-12-03,3,12,2024,Tuesday,False,,0
639,2024-12-04,4,12,2024,Wednesday,False,,0
640,2024-12-05,5,12,2024,Thursday,False,,0
641,2024-12-06,6,12,2024,Friday,False,,0
642,2024-12-07,7,12,2024,Saturday,False,,1
643,2024-12-08,8,12,2024,Sunday,False,,1
644,2024-12-09,9,12,2024,Monday,False,,0
645,2024-12-10,10,12,2024,Tuesday,False,,0
646,2024-12-11,11,12,2024,Wednesday,False,,0
647,2024-12-12,12,12,2024,Thursday,False,,0
648,2024-12-13,13,12,2024,Friday,False,,0
649,2024-12-14,14,12,2024,Saturday,False,,1
650,2024-12-15,15,12,2024,Sunday,False,,1
651,2024-12-16,16,12,2024,Monday,False,,0
652,2024-12-17,17,12,2024,Tuesday,False,,0
653,2024-12-18,18,12,2024,Wednesday,False,,0
654,2024-12-19,19,12,2024,Thursday,False,,0
655,2024-12-20,20,12,2024,Friday,False,,0
656,2024-12-21,21,12,2024,Saturday,False,,1
657,2024-12-22,22,12,2024,Sunday,False,,1
658,2024-12-23,23,12,2024,Monday,False,,0
659,2024-12-24,24,12,2024,Tuesday,False,,0
660,2024-12-25,25,12,2024,Wednesday,True,Noël,0
661,2024-12-26,26,12,2024,Thursday,False,,0
662,2024-12-27,27,12,2024,Friday,False,,0
663,2024-12-28,28,12,2024,Saturday,False,,1
664,2024-12-29,29,12,2024,Sunday,False,,1
665,2024-12-30,30,12,2024,Monday,False,,0
666,2024-12-31,31,12,2024,Tuesday,False,,0
667,2025-01-01,1,1,2025,Wednesday,True,Jour de l'An,0
668,2025-01-02,2,1,2025,Thursday,False,,0
669,2025-01-03,3,1,2025,Friday,False,,0
670,2025-01-04,4,1,2025,Saturday,False,,1
671,2025-01-05,5,1,2025,Sunday,False,,1
672,2025-01-06,6,1,2025,Monday,False,,0
673,2025-01-07,7,1,2025,Tuesday,False,,0
674,2025-01-08,8,1,2025,Wednesday,False,,0
675,2025-01-09,9,1,2025,Thursday,False,,0
676,2025-01-10,10,1,2025,Friday,False,,0
677,2025-01-11,11,1,2025,Saturday,False,,1
678,2025-01-12,12,1,2025,Sunday,False,,1
679,2025-01-13,13,1,2025,Monday,False,,0
680,2025-01-14,14,1,2025,Tuesday,False,,0
681,2025-01-15,15,1,2025,Wednesday,False,,0
682,2025-01-16,16,1,2025,Thursday,False,,0
683,2025-01-17,17,1,2025,Friday,False,,0
684,2025-01-18,18,1,2025,Saturday,False,,1
685,2025-01-19,19,1,2025,Sunday,False,,1
686,2025-01-20,20,1,2025,Monday,False,,0
687,2025-01-21,21,1,2025,Tuesday,False,,0
688,2025-01-22,22,1,2025,Wednesday,False,,0
689,2025-01-23,23,1,2025,Thursday,False,,0
690,2025-01-24,24,1,2025,Friday,False,,0
691,2025-01-25,25,1,2025,Saturday,False,,1
692,2025-01-26,26,1,2025,Sunday,False,,1
693,2025-01-27,27,1,2025,Monday,False,,0
694,2025-01-28,28,1,2025,Tuesday,False,,0
695,2025-01-29,29,1,2025,Wednesday,False,,0
696,2025-01-30,30,1,2025,Thursday,False,,0
697,2025-01-31,31,1,2025,Friday,False,,0
698,2025-02-01,1,2,2025,Saturday,False,,1
699,2025-02-02,2,2,2025,Sunday,False,,1
700,2025-02-03,3,2,2025,Monday,False,,0
701,2025-02-04,4,2,2025,Tuesday,False,,0
702,2025-02-05,5,2,2025,Wednesday,False,,0
703,2025-02-06,6,2,2025,Thursday,False,,0
704,2025-02-07,7,2,2025,Friday,False,,0
705,2025-02-08,8,2,2025,Saturday,False,,1
706,2025-02-09,9,2,2025,Sunday,False,,1
707,2025-02-10,10,2,2025,Monday,False,,0
708,2025-02-11,11,2,2025,Tuesday,False,,0
709,2025-02-12,12,2,2025,Wednesday,False,,0
710,2025-02-13,13,2,2025,Thursday,False,,0
711,2025-02-14,14,2,2025,Friday,False,,0
712,2025-02-15,15,2,2025,Saturday,False,,1
713,2025-02-16,16,2,2025,Sunday,False,,1
714,2025-02-17,17,2,2025,Monday,False,,0
715,2025-02-18,18,2,2025,Tuesday,False,,0
716,2025-02-19,19,2,2025,Wednesday,False,,0
717,2025-02-20,20,2,2025,Thursday,False,,0
718,2025-02-21,21,2,2025,Friday,False,,0
719,2025-02-22,22,2,2025,Saturday,False,,1
720,2025-02-23,23,2,2025,Sunday,False,,1
721,2025-02-24,24,2,2025,Monday,False,,0
722,2025-02-25,25,2,2025,Tuesday,False,,0
723,2025-02-26,26,2,2025,Wednesday,False,,0
724,2025-02-27,27,2,2025,Thursday,False,,0
725,2025-02-28,28,2,2025,Friday,False,,0
726,2025-03-01,1,3,2025,Saturday,False,,1
727,2025-03-02,2,3,2025,Sunday,False,,1
728,2025-03-03,3,3,2025,Monday,False,,0
729,2025-03-04,4,3,2025,Tuesday,False,,0
730,2025-03-05,5,3,2025,Wednesday,False,,0
731,2025-03-06,6,3,2025,Thursday,False,,0
732,2025-03-07,7,3,2025,Friday,False,,0
733,2025-03-08,8,3,2025,Saturday,False,,1
734,2025-03-09,9,3,2025,Sunday,False,,1
735,2025-03-10,10,3,2025,Monday,False,,0
736,2025-03-11,11,3,2025,Tuesday,False,,0
737,2025-03-12,12,3,2025,Wednesday,False,,0
738,2025-03-13,13,3,2025,Thursday,False,,0
739,2025-03-14,14,3,2025,Friday,False,,0
740,2025-03-15,15,3,2025,Saturday,False,,1
741,2025-03-16,16,3,2025,Sunday,False,,1
742,2025-03-17,17,3,2025,Monday,False,,0
743,2025-03-18,18,3,2025,Tuesday,False,,0
744,2025-03-19,19,3,2025,Wednesday,False,,0
745,2025-03-20,20,3,2025,Thursday,False,,0
746,2025-03-21,21,3,2025,Friday,False,,0
747,2025-03-22,22,3,2025,Saturday,False,,1
748,2025-03-23,23,3,2025,Sunday,False,,1
749,2025-03-24,24,3,2025,Monday,False,,0
750,2025-03-25,25,3,2025,Tuesday,False,,0
751,2025-03-26,26,3,2025,Wednesday,False,,0
752,2025-03-27,27,3,2025,Thursday,False,,0
753,2025-03-28,28,3,2025,Friday,False,,0
754,2025-03-29,29,3,2025,Saturday,False,,1
755,2025-03-30,30,3,2025,Sunday,False,,1
756,2025-03-31,31,3,2025,Monday,False,,0
757,2025-04-01,1,4,2025,Tuesday,False,,0
758,2025-04-02,2,4,2025,Wednesday,False,,0
759,2025-04-03,3,4,2025,Thursday,False,,0
760,2025-04-04,4,4,2025,Friday,False,,0
761,2025-04-05,5,4,2025,Saturday,False,,1
762,2025-04-06,6,4,2025,Sunday,False,,1
763,2025-04-07,7,4,2025,Monday,False,,0
764,2025-04-08,8,4,2025,Tuesday,False,,0
765,2025-04-09,9,4,2025,Wednesday,False,,0
766,2025-04-10,10,4,2025,Thursday,False,,0
767,2025-04-11,11,4,2025,Friday,False,,0
768,2025-04-12,12,4,2025,Saturday,False,,1
769,2025-04-13,13,4,2025,Sunday,False,,1
770,2025-04-14,14,4,2025,Monday,False,,0
771,2025-04-15,15,4,2025,Tuesday,False,,0
772,2025-04-16,16,4,2025,Wednesday,False,,0
773,2025-04-17,17,4,2025,Thursday,False,,0
774,2025-04-18,18,4,2025,Friday,False,,0
775,2025-04-19,19,4,2025,Saturday,False,,1
776,2025-04-20,20,4,2025,Sunday,False,,1
777,2025-04-21,21,4,2025,Monday,False,,0
778,2025-04-22,22,4,2025,Tuesday,False,,0
779,2025-04-23,23,4,2025,Wednesday,False,,0
780,2025-04-24,24,4,2025,Thursday,False,,0
781,2025-04-25,25,4,2025,Friday,False,,0
782,2025-04-26,26,4,2025,Saturday,False,,1
783,2025-04-27,27,4,2025,Sunday,False,,1
784,2025-04-28,28,4,2025,Monday,False,,0
785,2025-04-29,29,4,2025,Tuesday,False,,0
786,2025-04-30,30,4,2025,Wednesday,False,,0
787,2025-05-01,1,5,2025,Thursday,True,Fête du Travail,0
788,2025-05-02,2,5,2025,Friday,False,,0
789,2025-05-03,3,5,2025,Saturday,False,,1
790,2025-05-04,4,5,2025,Sunday,False,,1
791,2025-05-05,5,5,2025,Monday,False,,0
792,2025-05-06,6,5,2025,Tuesday,False,,0
793,2025-05-07,7,5,2025,Wednesday,False,,0
794,2025-05-08,8,5,2025,Thursday,True,Victoire 1945,0
795,2025-05-09,9,5,2025,Friday,False,,0
796,2025-05-10,10,5,2025,Saturday,False,,1
797,2025-05-11,11,5,2025,Sunday,False,,1
798,2025-05-12,12,5,2025,Monday,False,,0
799,2025-05-13,13,5,2025,Tuesday,False,,0
800,2025-05-14,14,5,2025,Wednesday,False,,0
801,2025-05-15,15,5,2025,Thursday,False,,0
802,2025-05-16,16,5,2025,Friday,False,,0
803,2025-05-17,17,5,2025,Saturday,False,,1
804,2025-05-18,18,5,2025,Sunday,False,,1
805,2025-05-19,19,5,2025,Monday,False,,0
806,2025-05-20,20,5,2025,Tuesday,False,,0
807,2025-05-21,21,5,2025,Wednesday,False,,0
808,2025-05-22,22,5,2025,Thursday,False,,0
809,2025-05-23,23,5,2025,Friday,False,,0
810,2025-05-24,24,5,2025,Saturday,False,,1
811,2025-05-25,25,5,2025,Sunday,False,,1
812,2025-05-26,26,5,2025,Monday,False,,0
813,2025-05-27,27,5,2025,Tuesday,False,,0
814,2025-05-28,28,5,2025,Wednesday,False,,0
815,2025-05-29,29,5,2025,Thursday,False,,0
816,2025-05-30,30,5,2025,Friday,False,,0
817,2025-05-31,31,5,2025,Saturday,False,,1
818,2025-06-01,1,6,2025,Sunday,False,,1
819,2025-06-02,2,6,2025,Monday,False,,0
820,2025-06-03,3,6,2025,Tuesday,False,,0
821,2025-06-04,4,6,2025,Wednesday,False,,0
822,2025-06-05,5,6,2025,Thursday,False,,0
823,2025-06-06,6,6,2025,Friday,False,,0
824,2025-06-07,7,6,2025,Saturday,False,,1
825,2025-06-08,8,6,2025,Sunday,False,,1
826,2025-06-09,9,6,2025,Monday,False,,0
827,2025-06-10,10,6,2025,Tuesday,False,,0
828,2025-06-11,11,6,2025,Wednesday,False,,0
829,2025-06-12,12,6,2025,Thursday,False,,0
830,2025-06-13,13,6,2025,Friday,False,,0
831,2025-06-14,14,6,2025,Saturday,False,,1
832,2025-06-15,15,6,2025,Sunday,False,,1
833,2025-06-16,16,6,2025,Monday,False,,0
834,2025-06-17,17,6,2025,Tuesday,False,,0
835,2025-06-18,18,6,2025,Wednesday,False,,0
836,2025-06-19,19,6,2025,Thursday,False,,0
837,2025-06-20,20,6,2025,Friday,False,,0
838,2025-06-21,21,6,2025,Saturday,False,,1
839,2025-06-22,22,6,2025,Sunday,False,,1
840,2025-06-23,23,6,2025,Monday,False,,0
841,2025-06-24,24,6,2025,Tuesday,False,,0
842,2025-06-25,25,6,2025,Wednesday,False,,0
843,2025-06-26,26,6,2025,Thursday,False,,0
844,2025-06-27,27,6,2025,Friday,False,,0
845,2025-06-28,28,6,2025,Saturday,False,,1
846,2025-06-29,29,6,2025,Sunday,False,,1
847,2025-06-30,30,6,2025,Monday,False,,0
848,2025-07-01,1,7,2025,Tuesday,False,,0
849,2025-07-02,2,7,2025,Wednesday,False,,0
850,2025-07-03,3,7,2025,Thursday,False,,0
851,2025-07-04,4,7,2025,Friday,False,,0
852,2025-07-05,5,7,2025,Saturday,False,,1
853,2025-07-06,6,7,2025,Sunday,False,,1
854,2025-07-07,7,7,2025,Monday,False,,0
855,2025-07-08,8,7,2025,Tuesday,False,,0
856,2025-07-09,9,7,2025,Wednesday,False,,0
857,2025-07-10,10,7,2025,Thursday,False,,0
858,2025-07-11,11,7,2025,Friday,False,,0
859,2025-07-12,12,7,2025,Saturday,False,,1
860,2025-07-13,13,7,2025,Sunday,False,,1
861,2025-07-14,14,7,2025,Monday,True,Fête Nationale,0
862,2025-07-15,15,7,2025,Tuesday,False,,0
863,2025-07-16,16,7,2025,Wednesday,False,,0
864,2025-07-17,17,7,2025,Thursday,False,,0
865,2025-07-18,18,7,2025,Friday,False,,0
866,2025-07-19,19,7,2025,Saturday,False,,1
867,2025-07-20,20,7,2025,Sunday,False,,1
868,2025-07-21,21,7,2025,Monday,False,,0
869,2025-07-22,22,7,2025,Tuesday,False,,0
870,2025-07-23,23,7,2025,Wednesday,False,,0
871,2025-07-24,24,7,2025,Thursday,False,,0
872,2025-07-25,25,7,2025,Friday,False,,0
873,2025-07-26,26,7,2025,Saturday,False,,1
874,2025-07-27,27,7,2025,Sunday,False,,1
875,2025-07-28,28,7,2025,Monday,False,,0
876,2025-07-29,29,7,2025,Tuesday,False,,0
877,2025-07-30,30,7,2025,Wednesday,False,,0
878,2025-07-31,31,7,2025,Thursday,False,,0
879,2025-08-01,1,8,2025,Friday,False,,0
880,2025-08-02,2,8,2025,Saturday,False,,1
881,2025-08-03,3,8,2025,Sunday,False,,1
882,2025-08-04,4,8,2025,Monday,False,,0
883,2025-08-05,5,8,2025,Tuesday,False,,0
884,2025-08-06,6,8,2025,Wednesday,False,,0
885,2025-08-07,7,8,2025,Thursday,False,,0
886,2025-08-08,8,8,2025,Friday,False,,0
887,2025-08-09,9,8,2025,Saturday,False,,1
888,2025-08-10,10,8,2025,Sunday,False,,1
889,2025-08-11,11,8,2025,Monday,False,,0
890,2025-08-12,12,8,2025,Tuesday,False,,0
891,2025-08-13,13,8,2025,Wednesday,False,,0
892,2025-08-14,14,8,2025,Thursday,False,,0
893,2025-08-15,15,8,2025,Friday,True,Assomption,0
894,2025-08-16,16,8,2025,Saturday,False,,1
895,2025-08-17,17,8,2025,Sunday,False,,1
896,2025-08-18,18,8,2025,Monday,False,,0
897,2025-08-19,19,8,2025,Tuesday,False,,0
898,2025-08-20,20,8,2025,Wednesday,False,,0
899,2025-08-21,21,8,2025,Thursday,False,,0
900,2025-08-22,22,8,2025,Friday,False,,0
901,2025-08-23,23,8,2025,Saturday,False,,1
902,2025-08-24,24,8,2025,Sunday,False,,1
903,2025-08-25,25,8,2025,Monday,False,,0
904,2025-08-26,26,8,2025,Tuesday,False,,0
905,2025-08-27,27,8,2025,Wednesday,False,,0
906,2025-08-28,28,8,2025,Thursday,False,,0
907,2025-08-29,29,8,2025,Friday,False,,0
908,2025-08-30,30,8,2025,Saturday,False,,1
909,2025-08-31,31,8,2025,Sunday,False,,1
910,2025-09-01,1,9,2025,Monday,False,,0
911,2025-09-02,2,9,2025,Tuesday,False,,0
912,2025-09-03,3,9,2025,Wednesday,False,,0
913,2025-09-04,4,9,2025,Thursday,False,,0
914,2025-09-05,5,9,2025,Friday,False,,0
915,2025-09-06,6,9,2025,Saturday,False,,1
916,2025-09-07,7,9,2025,Sunday,False,,1
917,2025-09-08,8,9,2025,Monday,False,,0
918,2025-09-09,9,9,2025,Tuesday,False,,0
919,2025-09-10,10,9,2025,Wednesday,False,,0
920,2025-09-11,11,9,2025,Thursday,False,,0
921,2025-09-12,12,9,2025,Friday,False,,0
922,2025-09-13,13,9,2025,Saturday,False,,1
923,2025-09-14,14,9,2025,Sunday,False,,1
924,2025-09-15,15,9,2025,Monday,False,,0
925,2025-09-16,16,9,2025,Tuesday,False,,0
926,2025-09-17,17,9,2025,Wednesday,False,,0
927,2025-09-18,18,9,2025,Thursday,False,,0
928,2025-09-19,19,9,2025,Friday,False,,0
929,2025-09-20,20,9,2025,Saturday,False,,1
930,2025-09-21,21,9,2025,Sunday,False,,1
931,2025-09-22,22,9,2025,Monday,False,,0
932,2025-09-23,23,9,2025,Tuesday,False,,0
933,2025-09-24,24,9,2025,Wednesday,False,,0
934,2025-09-25,25,9,2025,Thursday,False,,0
935,2025-09-26,26,9,2025,Friday,False,,0
936,2025-09-27,27,9,2025,Saturday,False,,1
937,2025-09-28,28,9,2025,Sunday,False,,1
938,2025-09-29,29,9,2025,Monday,False,,0
939,2025-09-30,30,9,2025,Tuesday,False,,0
940,2025-10-01,1,10,2025,Wednesday,False,,0
941,2025-10-02,2,10,2025,Thursday,False,,0
942,2025-10-03,3,10,2025,Friday,False,,0
943,2025-10-04,4,10,2025,Saturday,False,,1
944,2025-10-05,5,10,2025,Sunday,False,,1
945,2025-10-06,6,10,2025,Monday,False,,0
946,2025-10-07,7,10,2025,Tuesday,False,,0
947,2025-10-08,8,10,2025,Wednesday,False,,0
948,2025-10-09,9,10,2025,Thursday,False,,0
949,2025-10-10,10,10,2025,Friday,False,,0
950,2025-10-11,11,10,2025,Saturday,False,,1
951,2025-10-12,12,10,2025,Sunday,False,,1
952,2025-10-13,13,10,2025,Monday,False,,0
953,2025-10-14,14,10,2025,Tuesday,False,,0
954,2025-10-15,15,10,2025,Wednesday,False,,0
955,2025-10-16,16,10,2025,Thursday,False,,0
956,2025-10-17,17,10,2025,Friday,False,,0
957,2025-10-18,18,10,2025,Saturday,False,,1
958,2025-10-19,19,10,2025,Sunday,False,,1
959,2025-10-20,20,10,2025,Monday,False,,0
960,2025-10-21,21,10,2025,Tuesday,False,,0
961,2025-10-22,22,10,2025,Wednesday,False,,0
962,2025-10-23,23,10,2025,Thursday,False,,0
963,2025-10-24,24,10,2025,Friday,False,,0
964,2025-10-25,25,10,2025,Saturday,False,,1
965,2025-10-26,26,10,2025,Sunday,False,,1
966,2025-10-27,27,10,2025,Monday,False,,0
967,2025-10-28,28,10,2025,Tuesday,False,,0
968,2025-10-29,29,10,2025,Wednesday,False,,0
969,2025-10-30,30,10,2025,Thursday,False,,0
970,2025-10-31,31,10,2025,Friday,False,,0
971,2025-11-01,1,11,2025,Saturday,True,Toussaint,1
972,2025-11-02,2,11,2025,Sunday,False,,1
973,2025-11-03,3,11,2025,Monday,False,,0
974,2025-11-04,4,11,2025,Tuesday,False,,0
975,2025-11-05,5,11,2025,Wednesday,False,,0
976,2025-11-06,6,11,2025,Thursday,False,,0
977,2025-11-07,7,11,2025,Friday,False,,0
978,2025-11-08,8,11,2025,Saturday,False,,1
979,2025-11-09,9,11,2025,Sunday,False,,1
980,2025-11-10,10,11,2025,Monday,False,,0
981,2025-11-11,11,11,2025,Tuesday,True,Armistice 1918,0
982,2025-11-12,12,11,2025,Wednesday,False,,0
983,2025-11-13,13,11,2025,Thursday,False,,0
984,2025-11-14,14,11,2025,Friday,False,,0
985,2025-11-15,15,11,2025,Saturday,False,,1
986,2025-11-16,16,11,2025,Sunday,False,,1
987,2025-11-17,17,11,2025,Monday,False,,0
988,2025-11-18,18,11,2025,Tuesday,False,,0
989,2025-11-19,19,11,2025,Wednesday,False,,0
990,2025-11-20,20,11,2025,Thursday,False,,0
991,2025-11-21,21,11,2025,Friday,False,,0
992,2025-11-22,22,11,2025,Saturday,False,,1
993,2025-11-23,23,11,2025,Sunday,False,,1
994,2025-11-24,24,11,2025,Monday,False,,0
995,2025-11-25,25,11,2025,Tuesday,False,,0
996,2025-11-26,26,11,2025,Wednesday,False,,0
997,2025-11-27,27,11,2025,Thursday,False,,0
998,2025-11-28,28,11,2025,Friday,False,,0
999,2025-11-29,29,11,2025,Saturday,False,,1
1000,2025-11-30,30,11,2025,Sunday,False,,1
1001,2025-12-01,1,12,2025,Monday,False,,0
1002,2025-12-02,2,12,2025,Tuesday,False,,0
1003,2025-12-03,3,12,2025,Wednesday,False,,0
1004,2025-12-04,4,12,2025,Thursday,False,,0
1005,2025-12-05,5,12,2025,Friday,False,,0
1006,2025-12-06,6,12,2025,Saturday,False,,1
1007,2025-12-07,7,12,2025,Sunday,False,,1
1008,2025-12-08,8,12,2025,Monday,False,,0
1009,2025-12-09,9,12,2025,Tuesday,False,,0
1010,2025-12-10,10,12,2025,Wednesday,False,,0
1011,2025-12-11,11,12,2025,Thursday,False,,0
1012,2025-12-12,12,12,2025,Friday,False,,0
1013,2025-12-13,13,12,2025,Saturday,False,,1
1014,2025-12-14,14,12,2025,Sunday,False,,1
1015,2025-12-15,15,12,2025,Monday,False,,0
1016,2025-12-16,16,12,2025,Tuesday,False,,0
1017,2025-12-17,17,12,2025,Wednesday,False,,0
1018,2025-12-18,18,12,2025,Thursday,False,,0
1019,2025-12-19,19,12,2025,Friday,False,,0
1020,2025-12-20,20,12,2025,Saturday,False,,1
1021,2025-12-21,21,12,2025,Sunday,False,,1
1022,2025-12-22,22,12,2025,Monday,False,,0
1023,2025-12-23,23,12,2025,Tuesday,False,,0
1024,2025-12-24,24,12,2025,Wednesday,False,,0
1025,2025-12-25,25,12,2025,Thursday,True,Noël,0
1026,2025-12-26,26,12,2025,Friday,False,,0
1027,2025-12-27,27,12,2025,Saturday,False,,1
1028,2025-12-28,28,12,2025,Sunday,False,,1
1029,2025-12-29,29,12,2025,Monday,False,,0
1030,2025-12-30,30,12,2025,Tuesday,False,,0
1031,2025-12-31,31,12,2025,Wednesday,False,,0
1032,2026-01-01,1,1,2026,Thursday,True,Jour de l'An,0
1033,2026-01-02,2,1,2026,Friday,False,,0
1034,2026-01-03,3,1,2026,Saturday,False,,1
1035,2026-01-04,4,1,2026,Sunday,False,,1
1036,2026-01-05,5,1,2026,Monday,False,,0
1037,2026-01-06,6,1,2026,Tuesday,False,,0
1038,2026-01-07,7,1,2026,Wednesday,False,,0
1039,2026-01-08,8,1,2026,Thursday,False,,0
1040,2026-01-09,9,1,2026,Friday,False,,0
1041,2026-01-10,10,1,2026,Saturday,False,,1
1042,2026-01-11,11,1,2026,Sunday,False,,1
1043,2026-01-12,12,1,2026,Monday,False,,0
1044,2026-01-13,13,1,2026,Tuesday,False,,0
1045,2026-01-14,14,1,2026,Wednesday,False,,0
1046,2026-01-15,15,1,2026,Thursday,False,,0
1047,2026-01-16,16,1,2026,Friday,False,,0
1048,2026-01-17,17,1,2026,Saturday,False,,1
1049,2026-01-18,18,1,2026,Sunday,False,,1
1050,2026-01-19,19,1,2026,Monday,False,,0
1051,2026-01-20,20,1,2026,Tuesday,False,,0
1052,2026-01-21,21,1,2026,Wednesday,False,,0
1053,2026-01-22,22,1,2026,Thursday,False,,0
1054,2026-01-23,23,1,2026,Friday,False,,0
1055,2026-01-24,24,1,2026,Saturday,False,,1
1056,2026-01-25,25,1,2026,Sunday,False,,1
1057,2026-01-26,26,1,2026,Monday,False,,0
1058,2026-01-27,27,1,2026,Tuesday,False,,0
1059,2026-01-28,28,1,2026,Wednesday,False,,0
1060,2026-01-29,29,1,2026,Thursday,False,,0
1061,2026-01-30,30,1,2026,Friday,False,,0
1062,2026-01-31,31,1,2026,Saturday,False,,1
1063,2026-02-01,1,2,2026,Sunday,False,,1
1064,2026-02-02,2,2,2026,Monday,False,,0
1065,2026-02-03,3,2,2026,Tuesday,False,,0
1066,2026-02-04,4,2,2026,Wednesday,False,,0
1067,2026-02-05,5,2,2026,Thursday,False,,0
1068,2026-02-06,6,2,2026,Friday,False,,0
1069,2026-02-07,7,2,2026,Saturday,False,,1
1070,2026-02-08,8,2,2026,Sunday,False,,1
1071,2026-02-09,9,2,2026,Monday,False,,0
1072,2026-02-10,10,2,2026,Tuesday,False,,0
1073,2026-02-11,11,2,2026,Wednesday,False,,0
1074,2026-02-12,12,2,2026,Thursday,False,,0
1075,2026-02-13,13,2,2026,Friday,False,,0
1076,2026-02-14,14,2,2026,Saturday,False,,1
1077,2026-02-15,15,2,2026,Sunday,False,,1
1078,2026-02-16,16,2,2026,Monday,False,,0
1079,2026-02-17,17,2,2026,Tuesday,False,,0
1080,2026-02-18,18,2,2026,Wednesday,False,,0
1081,2026-02-19,19,2,2026,Thursday,False,,0
1082,2026-02-20,20,2,2026,Friday,False,,0
1083,2026-02-21,21,2,2026,Saturday,False,,1
1084,2026-02-22,22,2,2026,Sunday,False,,1
1085,2026-02-23,23,2,2026,Monday,False,,0
1086,2026-02-24,24,2,2026,Tuesday,False,,0
1087,2026-02-25,25,2,2026,Wednesday,False,,0
1088,2026-02-26,26,2,2026,Thursday,False,,0
1089,2026-02-27,27,2,2026,Friday,False,,0
1090,2026-02-28,28,2,2026,Saturday,False,,1
1091,2026-03-01,1,3,2026,Sunday,False,,1
1092,2026-03-02,2,3,2026,Monday,False,,0
1093,2026-03-03,3,3,2026,Tuesday,False,,0
1094,2026-03-04,4,3,2026,Wednesday,False,,0
1095,2026-03-05,5,3,2026,Thursday,False,,0
1096,2026-03-06,6,3,2026,Friday,False,,0
