date_id,date_complete,jour,mois,annee,jour_semaine,est_jour_ferie,description_jour
1,2023-03-07,7,3,2023,Tuesday,False,
2,2023-03-08,8,3,2023,Wednesday,False,
3,2023-03-09,9,3,2023,Thursday,False,
4,2023-03-10,10,3,2023,Friday,False,
5,2023-03-11,11,3,2023,Saturday,False,
6,2023-03-12,12,3,2023,Sunday,False,
7,2023-03-13,13,3,2023,Monday,False,
8,2023-03-14,14,3,2023,Tuesday,False,
9,2023-03-15,15,3,2023,Wednesday,False,
10,2023-03-16,16,3,2023,Thursday,False,
11,2023-03-17,17,3,2023,Friday,False,
12,2023-03-18,18,3,2023,Saturday,False,
13,2023-03-19,19,3,2023,Sunday,False,
14,2023-03-20,20,3,2023,Monday,False,
15,2023-03-21,21,3,2023,Tuesday,False,
16,2023-03-22,22,3,2023,Wednesday,False,
17,2023-03-23,23,3,2023,Thursday,False,
18,2023-03-24,24,3,2023,Friday,False,
19,2023-03-25,25,3,2023,Saturday,False,
20,2023-03-26,26,3,2023,Sunday,False,
21,2023-03-27,27,3,2023,Monday,False,
22,2023-03-28,28,3,2023,Tuesday,False,
23,2023-03-29,29,3,2023,Wednesday,False,
24,2023-03-30,30,3,2023,Thursday,False,
25,2023-03-31,31,3,2023,Friday,False,
26,2023-04-01,1,4,2023,Saturday,False,
27,2023-04-02,2,4,2023,Sunday,False,
28,2023-04-03,3,4,2023,Monday,False,
29,2023-04-04,4,4,2023,Tuesday,False,
30,2023-04-05,5,4,2023,Wednesday,False,
31,2023-04-06,6,4,2023,Thursday,False,
32,2023-04-07,7,4,2023,Friday,False,
33,2023-04-08,8,4,2023,Saturday,False,
34,2023-04-09,9,4,2023,Sunday,False,
35,2023-04-10,10,4,2023,Monday,False,
36,2023-04-11,11,4,2023,Tuesday,False,
37,2023-04-12,12,4,2023,Wednesday,False,
38,2023-04-13,13,4,2023,Thursday,False,
39,2023-04-14,14,4,2023,Friday,False,
40,2023-04-15,15,4,2023,Saturday,False,
41,2023-04-16,16,4,2023,Sunday,False,
42,2023-04-17,17,4,2023,Monday,False,
43,2023-04-18,18,4,2023,Tuesday,False,
44,2023-04-19,19,4,2023,Wednesday,False,
45,2023-04-20,20,4,2023,Thursday,False,
46,2023-04-21,21,4,2023,Friday,False,
47,2023-04-22,22,4,2023,Saturday,False,
48,2023-04-23,23,4,2023,Sunday,False,
49,2023-04-24,24,4,2023,Monday,False,
50,2023-04-25,25,4,2023,Tuesday,False,
51,2023-04-26,26,4,2023,Wednesday,False,
52,2023-04-27,27,4,2023,Thursday,False,
53,2023-04-28,28,4,2023,Friday,False,
54,2023-04-29,29,4,2023,Saturday,False,
55,2023-04-30,30,4,2023,Sunday,False,
56,2023-05-01,1,5,2023,Monday,True,Fête du Travail
57,2023-05-02,2,5,2023,Tuesday,False,
58,2023-05-03,3,5,2023,Wednesday,False,
59,2023-05-04,4,5,2023,Thursday,False,
60,2023-05-05,5,5,2023,Friday,False,
61,2023-05-06,6,5,2023,Saturday,False,
62,2023-05-07,7,5,2023,Sunday,False,
63,2023-05-08,8,5,2023,Monday,True,Victoire 1945
64,2023-05-09,9,5,2023,Tuesday,False,
65,2023-05-10,10,5,2023,Wednesday,False,
66,2023-05-11,11,5,2023,Thursday,False,
67,2023-05-12,12,5,2023,Friday,False,
68,2023-05-13,13,5,2023,Saturday,False,
69,2023-05-14,14,5,2023,Sunday,False,
70,2023-05-15,15,5,2023,Monday,False,
71,2023-05-16,16,5,2023,Tuesday,False,
72,2023-05-17,17,5,2023,Wednesday,False,
73,2023-05-18,18,5,2023,Thursday,False,
74,2023-05-19,19,5,2023,Friday,False,
75,2023-05-20,20,5,2023,Saturday,False,
76,2023-05-21,21,5,2023,Sunday,False,
77,2023-05-22,22,5,2023,Monday,False,
78,2023-05-23,23,5,2023,Tuesday,False,
79,2023-05-24,24,5,2023,Wednesday,False,
80,2023-05-25,25,5,2023,Thursday,False,
81,2023-05-26,26,5,2023,Friday,False,
82,2023-05-27,27,5,2023,Saturday,False,
83,2023-05-28,28,5,2023,Sunday,False,
84,2023-05-29,29,5,2023,Monday,False,
85,2023-05-30,30,5,2023,Tuesday,False,
86,2023-05-31,31,5,2023,Wednesday,False,
87,2023-06-01,1,6,2023,Thursday,False,
88,2023-06-02,2,6,2023,Friday,False,
89,2023-06-03,3,6,2023,Saturday,False,
90,2023-06-04,4,6,2023,Sunday,False,
91,2023-06-05,5,6,2023,Monday,False,
92,2023-06-06,6,6,2023,Tuesday,False,
93,2023-06-07,7,6,2023,Wednesday,False,
94,2023-06-08,8,6,2023,Thursday,False,
95,2023-06-09,9,6,2023,Friday,False,
96,2023-06-10,10,6,2023,Saturday,False,
97,2023-06-11,11,6,2023,Sunday,False,
98,2023-06-12,12,6,2023,Monday,False,
99,2023-06-13,13,6,2023,Tuesday,False,
100,2023-06-14,14,6,2023,Wednesday,False,
101,2023-06-15,15,6,2023,Thursday,False,
102,2023-06-16,16,6,2023,Friday,False,
103,2023-06-17,17,6,2023,Saturday,False,
104,2023-06-18,18,6,2023,Sunday,False,
105,2023-06-19,19,6,2023,Monday,False,
106,2023-06-20,20,6,2023,Tuesday,False,
107,2023-06-21,21,6,2023,Wednesday,False,
108,2023-06-22,22,6,2023,Thursday,False,
109,2023-06-23,23,6,2023,Friday,False,
110,2023-06-24,24,6,2023,Saturday,False,
111,2023-06-25,25,6,2023,Sunday,False,
112,2023-06-26,26,6,2023,Monday,False,
113,2023-06-27,27,6,2023,Tuesday,False,
114,2023-06-28,28,6,2023,Wednesday,False,
115,2023-06-29,29,6,2023,Thursday,False,
116,2023-06-30,30,6,2023,Friday,False,
117,2023-07-01,1,7,2023,Saturday,False,
118,2023-07-02,2,7,2023,Sunday,False,
119,2023-07-03,3,7,2023,Monday,False,
120,2023-07-04,4,7,2023,Tuesday,False,
121,2023-07-05,5,7,2023,Wednesday,False,
122,2023-07-06,6,7,2023,Thursday,False,
123,2023-07-07,7,7,2023,Friday,False,
124,2023-07-08,8,7,2023,Saturday,False,
125,2023-07-09,9,7,2023,Sunday,False,
126,2023-07-10,10,7,2023,Monday,False,
127,2023-07-11,11,7,2023,Tuesday,False,
128,2023-07-12,12,7,2023,Wednesday,False,
129,2023-07-13,13,7,2023,Thursday,False,
130,2023-07-14,14,7,2023,Friday,True,Fête Nationale
131,2023-07-15,15,7,2023,Saturday,False,
132,2023-07-16,16,7,2023,Sunday,False,
133,2023-07-17,17,7,2023,Monday,False,
134,2023-07-18,18,7,2023,Tuesday,False,
135,2023-07-19,19,7,2023,Wednesday,False,
136,2023-07-20,20,7,2023,Thursday,False,
137,2023-07-21,21,7,2023,Friday,False,
138,2023-07-22,22,7,2023,Saturday,False,
139,2023-07-23,23,7,2023,Sunday,False,
140,2023-07-24,24,7,2023,Monday,False,
141,2023-07-25,25,7,2023,Tuesday,False,
142,2023-07-26,26,7,2023,Wednesday,False,
143,2023-07-27,27,7,2023,Thursday,False,
144,2023-07-28,28,7,2023,Friday,False,
145,2023-07-29,29,7,2023,Saturday,False,
146,2023-07-30,30,7,2023,Sunday,False,
147,2023-07-31,31,7,2023,Monday,False,
148,2023-08-01,1,8,2023,Tuesday,False,
149,2023-08-02,2,8,2023,Wednesday,False,
150,2023-08-03,3,8,2023,Thursday,False,
151,2023-08-04,4,8,2023,Friday,False,
152,2023-08-05,5,8,2023,Saturday,False,
153,2023-08-06,6,8,2023,Sunday,False,
154,2023-08-07,7,8,2023,Monday,False,
155,2023-08-08,8,8,2023,Tuesday,False,
156,2023-08-09,9,8,2023,Wednesday,False,
157,2023-08-10,10,8,2023,Thursday,False,
158,2023-08-11,11,8,2023,Friday,False,
159,2023-08-12,12,8,2023,Saturday,False,
160,2023-08-13,13,8,2023,Sunday,False,
161,2023-08-14,14,8,2023,Monday,False,
162,2023-08-15,15,8,2023,Tuesday,True,Assomption
163,2023-08-16,16,8,2023,Wednesday,False,
164,2023-08-17,17,8,2023,Thursday,False,
165,2023-08-18,18,8,2023,Friday,False,
166,2023-08-19,19,8,2023,Saturday,False,
167,2023-08-20,20,8,2023,Sunday,False,
168,2023-08-21,21,8,2023,Monday,False,
169,2023-08-22,22,8,2023,Tuesday,False,
170,2023-08-23,23,8,2023,Wednesday,False,
171,2023-08-24,24,8,2023,Thursday,False,
172,2023-08-25,25,8,2023,Friday,False,
173,2023-08-26,26,8,2023,Saturday,False,
174,2023-08-27,27,8,2023,Sunday,False,
175,2023-08-28,28,8,2023,Monday,False,
176,2023-08-29,29,8,2023,Tuesday,False,
177,2023-08-30,30,8,2023,Wednesday,False,
178,2023-08-31,31,8,2023,Thursday,False,
179,2023-09-01,1,9,2023,Friday,False,
180,2023-09-02,2,9,2023,Saturday,False,
181,2023-09-03,3,9,2023,Sunday,False,
182,2023-09-04,4,9,2023,Monday,False,
183,2023-09-05,5,9,2023,Tuesday,False,
184,2023-09-06,6,9,2023,Wednesday,False,
185,2023-09-07,7,9,2023,Thursday,False,
186,2023-09-08,8,9,2023,Friday,False,
187,2023-09-09,9,9,2023,Saturday,False,
188,2023-09-10,10,9,2023,Sunday,False,
189,2023-09-11,11,9,2023,Monday,False,
190,2023-09-12,12,9,2023,Tuesday,False,
191,2023-09-13,13,9,2023,Wednesday,False,
192,2023-09-14,14,9,2023,Thursday,False,
193,2023-09-15,15,9,2023,Friday,False,
194,2023-09-16,16,9,2023,Saturday,False,
195,2023-09-17,17,9,2023,Sunday,False,
196,2023-09-18,18,9,2023,Monday,False,
197,2023-09-19,19,9,2023,Tuesday,False,
198,2023-09-20,20,9,2023,Wednesday,False,
199,2023-09-21,21,9,2023,Thursday,False,
200,2023-09-22,22,9,2023,Friday,False,
201,2023-09-23,23,9,2023,Saturday,False,
202,2023-09-24,24,9,2023,Sunday,False,
203,2023-09-25,25,9,2023,Monday,False,
204,2023-09-26,26,9,2023,Tuesday,False,
205,2023-09-27,27,9,2023,Wednesday,False,
206,2023-09-28,28,9,2023,Thursday,False,
207,2023-09-29,29,9,2023,Friday,False,
208,2023-09-30,30,9,2023,Saturday,False,
209,2023-10-01,1,10,2023,Sunday,False,
210,2023-10-02,2,10,2023,Monday,False,
211,2023-10-03,3,10,2023,Tuesday,False,
212,2023-10-04,4,10,2023,Wednesday,False,
213,2023-10-05,5,10,2023,Thursday,False,
214,2023-10-06,6,10,2023,Friday,False,
215,2023-10-07,7,10,2023,Saturday,False,
216,2023-10-08,8,10,2023,Sunday,False,
217,2023-10-09,9,10,2023,Monday,False,
218,2023-10-10,10,10,2023,Tuesday,False,
219,2023-10-11,11,10,2023,Wednesday,False,
220,2023-10-12,12,10,2023,Thursday,False,
221,2023-10-13,13,10,2023,Friday,False,
222,2023-10-14,14,10,2023,Saturday,False,
223,2023-10-15,15,10,2023,Sunday,False,
224,2023-10-16,16,10,2023,Monday,False,
225,2023-10-17,17,10,2023,Tuesday,False,
226,2023-10-18,18,10,2023,Wednesday,False,
227,2023-10-19,19,10,2023,Thursday,False,
228,2023-10-20,20,10,2023,Friday,False,
229,2023-10-21,21,10,2023,Saturday,False,
230,2023-10-22,22,10,2023,Sunday,False,
231,2023-10-23,23,10,2023,Monday,False,
232,2023-10-24,24,10,2023,Tuesday,False,
233,2023-10-25,25,10,2023,Wednesday,False,
234,2023-10-26,26,10,2023,Thursday,False,
235,2023-10-27,27,10,2023,Friday,False,
236,2023-10-28,28,10,2023,Saturday,False,
237,2023-10-29,29,10,2023,Sunday,False,
238,2023-10-30,30,10,2023,Monday,False,
239,2023-10-31,31,10,2023,Tuesday,False,
240,2023-11-01,1,11,2023,Wednesday,True,Toussaint
241,2023-11-02,2,11,2023,Thursday,False,
242,2023-11-03,3,11,2023,Friday,False,
243,2023-11-04,4,11,2023,Saturday,False,
244,2023-11-05,5,11,2023,Sunday,False,
245,2023-11-06,6,11,2023,Monday,False,
246,2023-11-07,7,11,2023,Tuesday,False,
247,2023-11-08,8,11,2023,Wednesday,False,
248,2023-11-09,9,11,2023,Thursday,False,
249,2023-11-10,10,11,2023,Friday,False,
250,2023-11-11,11,11,2023,Saturday,True,Armistice 1918
251,2023-11-12,12,11,2023,Sunday,False,
252,2023-11-13,13,11,2023,Monday,False,
253,2023-11-14,14,11,2023,Tuesday,False,
254,2023-11-15,15,11,2023,Wednesday,False,
255,2023-11-16,16,11,2023,Thursday,False,
256,2023-11-17,17,11,2023,Friday,False,
257,2023-11-18,18,11,2023,Saturday,False,
258,2023-11-19,19,11,2023,Sunday,False,
259,2023-11-20,20,11,2023,Monday,False,
260,2023-11-21,21,11,2023,Tuesday,False,
261,2023-11-22,22,11,2023,Wednesday,False,
262,2023-11-23,23,11,2023,Thursday,False,
263,2023-11-24,24,11,2023,Friday,False,
264,2023-11-25,25,11,2023,Saturday,False,
265,2023-11-26,26,11,2023,Sunday,False,
266,2023-11-27,27,11,2023,Monday,False,
267,2023-11-28,28,11,2023,Tuesday,False,
268,2023-11-29,29,11,2023,Wednesday,False,
269,2023-11-30,30,11,2023,Thursday,False,
270,2023-12-01,1,12,2023,Friday,False,
271,2023-12-02,2,12,2023,Saturday,False,
272,2023-12-03,3,12,2023,Sunday,False,
273,2023-12-04,4,12,2023,Monday,False,
274,2023-12-05,5,12,2023,Tuesday,False,
275,2023-12-06,6,12,2023,Wednesday,False,
276,2023-12-07,7,12,2023,Thursday,False,
277,2023-12-08,8,12,2023,Friday,False,
278,2023-12-09,9,12,2023,Saturday,False,
279,2023-12-10,10,12,2023,Sunday,False,
280,2023-12-11,11,12,2023,Monday,False,
281,2023-12-12,12,12,2023,Tuesday,False,
282,2023-12-13,13,12,2023,Wednesday,False,
283,2023-12-14,14,12,2023,Thursday,False,
284,2023-12-15,15,12,2023,Friday,False,
285,2023-12-16,16,12,2023,Saturday,False,
286,2023-12-17,17,12,2023,Sunday,False,
287,2023-12-18,18,12,2023,Monday,False,
288,2023-12-19,19,12,2023,Tuesday,False,
289,2023-12-20,20,12,2023,Wednesday,False,
290,2023-12-21,21,12,2023,Thursday,False,
291,2023-12-22,22,12,2023,Friday,False,
292,2023-12-23,23,12,2023,Saturday,False,
293,2023-12-24,24,12,2023,Sunday,False,
294,2023-12-25,25,12,2023,Monday,True,Noël
295,2023-12-26,26,12,2023,Tuesday,False,
296,2023-12-27,27,12,2023,Wednesday,False,
297,2023-12-28,28,12,2023,Thursday,False,
298,2023-12-29,29,12,2023,Friday,False,
299,2023-12-30,30,12,2023,Saturday,False,
300,2023-12-31,31,12,2023,Sunday,False,
301,2024-01-01,1,1,2024,Monday,True,Jour de l'An
302,2024-01-02,2,1,2024,Tuesday,False,
303,2024-01-03,3,1,2024,Wednesday,False,
304,2024-01-04,4,1,2024,Thursday,False,
305,2024-01-05,5,1,2024,Friday,False,
306,2024-01-06,6,1,2024,Saturday,False,
307,2024-01-07,7,1,2024,Sunday,False,
308,2024-01-08,8,1,2024,Monday,False,
309,2024-01-09,9,1,2024,Tuesday,False,
310,2024-01-10,10,1,2024,Wednesday,False,
311,2024-01-11,11,1,2024,Thursday,False,
312,2024-01-12,12,1,2024,Friday,False,
313,2024-01-13,13,1,2024,Saturday,False,
314,2024-01-14,14,1,2024,Sunday,False,
315,2024-01-15,15,1,2024,Monday,False,
316,2024-01-16,16,1,2024,Tuesday,False,
317,2024-01-17,17,1,2024,Wednesday,False,
318,2024-01-18,18,1,2024,Thursday,False,
319,2024-01-19,19,1,2024,Friday,False,
320,2024-01-20,20,1,2024,Saturday,False,
321,2024-01-21,21,1,2024,Sunday,False,
322,2024-01-22,22,1,2024,Monday,False,
323,2024-01-23,23,1,2024,Tuesday,False,
324,2024-01-24,24,1,2024,Wednesday,False,
325,2024-01-25,25,1,2024,Thursday,False,
326,2024-01-26,26,1,2024,Friday,False,
327,2024-01-27,27,1,2024,Saturday,False,
328,2024-01-28,28,1,2024,Sunday,False,
329,2024-01-29,29,1,2024,Monday,False,
330,2024-01-30,30,1,2024,Tuesday,False,
331,2024-01-31,31,1,2024,Wednesday,False,
332,2024-02-01,1,2,2024,Thursday,False,
333,2024-02-02,2,2,2024,Friday,False,
334,2024-02-03,3,2,2024,Saturday,False,
335,2024-02-04,4,2,2024,Sunday,False,
336,2024-02-05,5,2,2024,Monday,False,
337,2024-02-06,6,2,2024,Tuesday,False,
338,2024-02-07,7,2,2024,Wednesday,False,
339,2024-02-08,8,2,2024,Thursday,False,
340,2024-02-09,9,2,2024,Friday,False,
341,2024-02-10,10,2,2024,Saturday,False,
342,2024-02-11,11,2,2024,Sunday,False,
343,2024-02-12,12,2,2024,Monday,False,
344,2024-02-13,13,2,2024,Tuesday,False,
345,2024-02-14,14,2,2024,Wednesday,False,
346,2024-02-15,15,2,2024,Thursday,False,
347,2024-02-16,16,2,2024,Friday,False,
348,2024-02-17,17,2,2024,Saturday,False,
349,2024-02-18,18,2,2024,Sunday,False,
350,2024-02-19,19,2,2024,Monday,False,
351,2024-02-20,20,2,2024,Tuesday,False,
352,2024-02-21,21,2,2024,Wednesday,False,
353,2024-02-22,22,2,2024,Thursday,False,
354,2024-02-23,23,2,2024,Friday,False,
355,2024-02-24,24,2,2024,Saturday,False,
356,2024-02-25,25,2,2024,Sunday,False,
357,2024-02-26,26,2,2024,Monday,False,
358,2024-02-27,27,2,2024,Tuesday,False,
359,2024-02-28,28,2,2024,Wednesday,False,
360,2024-02-29,29,2,2024,Thursday,False,
361,2024-03-01,1,3,2024,Friday,False,
362,2024-03-02,2,3,2024,Saturday,False,
363,2024-03-03,3,3,2024,Sunday,False,
364,2024-03-04,4,3,2024,Monday,False,
365,2024-03-05,5,3,2024,Tuesday,False,
366,2024-03-06,6,3,2024,Wednesday,False,
367,2024-03-07,7,3,2024,Thursday,False,
368,2024-03-08,8,3,2024,Friday,False,
369,2024-03-09,9,3,2024,Saturday,False,
370,2024-03-10,10,3,2024,Sunday,False,
371,2024-03-11,11,3,2024,Monday,False,
372,2024-03-12,12,3,2024,Tuesday,False,
373,2024-03-13,13,3,2024,Wednesday,False,
374,2024-03-14,14,3,2024,Thursday,False,
375,2024-03-15,15,3,2024,Friday,False,
376,2024-03-16,16,3,2024,Saturday,False,
377,2024-03-17,17,3,2024,Sunday,False,
378,2024-03-18,18,3,2024,Monday,False,
379,2024-03-19,19,3,2024,Tuesday,False,
380,2024-03-20,20,3,2024,Wednesday,False,
381,2024-03-21,21,3,2024,Thursday,False,
382,2024-03-22,22,3,2024,Friday,False,
383,2024-03-23,23,3,2024,Saturday,False,
384,2024-03-24,24,3,2024,Sunday,False,
385,2024-03-25,25,3,2024,Monday,False,
386,2024-03-26,26,3,2024,Tuesday,False,
387,2024-03-27,27,3,2024,Wednesday,False,
388,2024-03-28,28,3,2024,Thursday,False,
389,2024-03-29,29,3,2024,Friday,False,
390,2024-03-30,30,3,2024,Saturday,False,
391,2024-03-31,31,3,2024,Sunday,False,
392,2024-04-01,1,4,2024,Monday,False,
393,2024-04-02,2,4,2024,Tuesday,False,
394,2024-04-03,3,4,2024,Wednesday,False,
395,2024-04-04,4,4,2024,Thursday,False,
396,2024-04-05,5,4,2024,Friday,False,
397,2024-04-06,6,4,2024,Saturday,False,
398,2024-04-07,7,4,2024,Sunday,False,
399,2024-04-08,8,4,2024,Monday,False,
400,2024-04-09,9,4,2024,Tuesday,False,
401,2024-04-10,10,4,2024,Wednesday,False,
402,2024-04-11,11,4,2024,Thursday,False,
403,2024-04-12,12,4,2024,Friday,False,
404,2024-04-13,13,4,2024,Saturday,False,
405,2024-04-14,14,4,2024,Sunday,False,
406,2024-04-15,15,4,2024,Monday,False,
407,2024-04-16,16,4,2024,Tuesday,False,
408,2024-04-17,17,4,2024,Wednesday,False,
409,2024-04-18,18,4,2024,Thursday,False,
410,2024-04-19,19,4,2024,Friday,False,
411,2024-04-20,20,4,2024,Saturday,False,
412,2024-04-21,21,4,2024,Sunday,False,
413,2024-04-22,22,4,2024,Monday,False,
414,2024-04-23,23,4,2024,Tuesday,False,
415,2024-04-24,24,4,2024,Wednesday,False,
416,2024-04-25,25,4,2024,Thursday,False,
417,2024-04-26,26,4,2024,Friday,False,
418,2024-04-27,27,4,2024,Saturday,False,
419,2024-04-28,28,4,2024,Sunday,False,
420,2024-04-29,29,4,2024,Monday,False,
421,2024-04-30,30,4,2024,Tuesday,False,
422,2024-05-01,1,5,2024,Wednesday,True,Fête du Travail
423,2024-05-02,2,5,2024,Thursday,False,
424,2024-05-03,3,5,2024,Friday,False,
425,2024-05-04,4,5,2024,Saturday,False,
426,2024-05-05,5,5,2024,Sunday,False,
427,2024-05-06,6,5,2024,Monday,False,
428,2024-05-07,7,5,2024,Tuesday,False,
429,2024-05-08,8,5,2024,Wednesday,True,Victoire 1945
430,2024-05-09,9,5,2024,Thursday,False,
431,2024-05-10,10,5,2024,Friday,False,
432,2024-05-11,11,5,2024,Saturday,False,
433,2024-05-12,12,5,2024,Sunday,False,
434,2024-05-13,13,5,2024,Monday,False,
435,2024-05-14,14,5,2024,Tuesday,False,
436,2024-05-15,15,5,2024,Wednesday,False,
437,2024-05-16,16,5,2024,Thursday,False,
438,2024-05-17,17,5,2024,Friday,False,
439,2024-05-18,18,5,2024,Saturday,False,
440,2024-05-19,19,5,2024,Sunday,False,
441,2024-05-20,20,5,2024,Monday,False,
442,2024-05-21,21,5,2024,Tuesday,False,
443,2024-05-22,22,5,2024,Wednesday,False,
444,2024-05-23,23,5,2024,Thursday,False,
445,2024-05-24,24,5,2024,Friday,False,
446,2024-05-25,25,5,2024,Saturday,False,
447,2024-05-26,26,5,2024,Sunday,False,
448,2024-05-27,27,5,2024,Monday,False,
449,2024-05-28,28,5,2024,Tuesday,False,
450,2024-05-29,29,5,2024,Wednesday,False,
451,2024-05-30,30,5,2024,Thursday,False,
452,2024-05-31,31,5,2024,Friday,False,
453,2024-06-01,1,6,2024,Saturday,False,
454,2024-06-02,2,6,2024,Sunday,False,
455,2024-06-03,3,6,2024,Monday,False,
456,2024-06-04,4,6,2024,Tuesday,False,
457,2024-06-05,5,6,2024,Wednesday,False,
458,2024-06-06,6,6,2024,Thursday,False,
459,2024-06-07,7,6,2024,Friday,False,
460,2024-06-08,8,6,2024,Saturday,False,
461,2024-06-09,9,6,2024,Sunday,False,
462,2024-06-10,10,6,2024,Monday,False,
463,2024-06-11,11,6,2024,Tuesday,False,
464,2024-06-12,12,6,2024,Wednesday,False,
465,2024-06-13,13,6,2024,Thursday,False,
466,2024-06-14,14,6,2024,Friday,False,
467,2024-06-15,15,6,2024,Saturday,False,
468,2024-06-16,16,6,2024,Sunday,False,
469,2024-06-17,17,6,2024,Monday,False,
470,2024-06-18,18,6,2024,Tuesday,False,
471,2024-06-19,19,6,2024,Wednesday,False,
472,2024-06-20,20,6,2024,Thursday,False,
473,2024-06-21,21,6,2024,Friday,False,
474,2024-06-22,22,6,2024,Saturday,False,
475,2024-06-23,23,6,2024,Sunday,False,
476,2024-06-24,24,6,2024,Monday,False,
477,2024-06-25,25,6,2024,Tuesday,False,
478,2024-06-26,26,6,2024,Wednesday,False,
479,2024-06-27,27,6,2024,Thursday,False,
480,2024-06-28,28,6,2024,Friday,False,
481,2024-06-29,29,6,2024,Saturday,False,
482,2024-06-30,30,6,2024,Sunday,False,
483,2024-07-01,1,7,2024,Monday,False,
484,2024-07-02,2,7,2024,Tuesday,False,
485,2024-07-03,3,7,2024,Wednesday,False,
486,2024-07-04,4,7,2024,Thursday,False,
487,2024-07-05,5,7,2024,Friday,False,
488,2024-07-06,6,7,2024,Saturday,False,
489,2024-07-07,7,7,2024,Sunday,False,
490,2024-07-08,8,7,2024,Monday,False,
491,2024-07-09,9,7,2024,Tuesday,False,
492,2024-07-10,10,7,2024,Wednesday,False,
493,2024-07-11,11,7,2024,Thursday,False,
494,2024-07-12,12,7,2024,Friday,False,
495,2024-07-13,13,7,2024,Saturday,False,
496,2024-07-14,14,7,2024,Sunday,True,Fête Nationale
497,2024-07-15,15,7,2024,Monday,False,
498,2024-07-16,16,7,2024,Tuesday,False,
499,2024-07-17,17,7,2024,Wednesday,False,
500,2024-07-18,18,7,2024,Thursday,False,
501,2024-07-19,19,7,2024,Friday,False,
502,2024-07-20,20,7,2024,Saturday,False,
503,2024-07-21,21,7,2024,Sunday,False,
504,2024-07-22,22,7,2024,Monday,False,
505,2024-07-23,23,7,2024,Tuesday,False,
506,2024-07-24,24,7,2024,Wednesday,False,
507,2024-07-25,25,7,2024,Thursday,False,
508,2024-07-26,26,7,2024,Friday,False,
509,2024-07-27,27,7,2024,Saturday,False,
510,2024-07-28,28,7,2024,Sunday,False,
511,2024-07-29,29,7,2024,Monday,False,
512,2024-07-30,30,7,2024,Tuesday,False,
513,2024-07-31,31,7,2024,Wednesday,False,
514,2024-08-01,1,8,2024,Thursday,False,
515,2024-08-02,2,8,2024,Friday,False,
516,2024-08-03,3,8,2024,Saturday,False,
517,2024-08-04,4,8,2024,Sunday,False,
518,2024-08-05,5,8,2024,Monday,False,
519,2024-08-06,6,8,2024,Tuesday,False,
520,2024-08-07,7,8,2024,Wednesday,False,
521,2024-08-08,8,8,2024,Thursday,False,
522,2024-08-09,9,8,2024,Friday,False,
523,2024-08-10,10,8,2024,Saturday,False,
524,2024-08-11,11,8,2024,Sunday,False,
525,2024-08-12,12,8,2024,Monday,False,
526,2024-08-13,13,8,2024,Tuesday,False,
527,2024-08-14,14,8,2024,Wednesday,False,
528,2024-08-15,15,8,2024,Thursday,True,Assomption
529,2024-08-16,16,8,2024,Friday,False,
530,2024-08-17,17,8,2024,Saturday,False,
531,2024-08-18,18,8,2024,Sunday,False,
532,2024-08-19,19,8,2024,Monday,False,
533,2024-08-20,20,8,2024,Tuesday,False,
534,2024-08-21,21,8,2024,Wednesday,False,
535,2024-08-22,22,8,2024,Thursday,False,
536,2024-08-23,23,8,2024,Friday,False,
537,2024-08-24,24,8,2024,Saturday,False,
538,2024-08-25,25,8,2024,Sunday,False,
539,2024-08-26,26,8,2024,Monday,False,
540,2024-08-27,27,8,2024,Tuesday,False,
541,2024-08-28,28,8,2024,Wednesday,False,
542,2024-08-29,29,8,2024,Thursday,False,
543,2024-08-30,30,8,2024,Friday,False,
544,2024-08-31,31,8,2024,Saturday,False,
545,2024-09-01,1,9,2024,Sunday,False,
546,2024-09-02,2,9,2024,Monday,False,
547,2024-09-03,3,9,2024,Tuesday,False,
548,2024-09-04,4,9,2024,Wednesday,False,
549,2024-09-05,5,9,2024,Thursday,False,
550,2024-09-06,6,9,2024,Friday,False,
551,2024-09-07,7,9,2024,Saturday,False,
552,2024-09-08,8,9,2024,Sunday,False,
553,2024-09-09,9,9,2024,Monday,False,
554,2024-09-10,10,9,2024,Tuesday,False,
555,2024-09-11,11,9,2024,Wednesday,False,
556,2024-09-12,12,9,2024,Thursday,False,
557,2024-09-13,13,9,2024,Friday,False,
558,2024-09-14,14,9,2024,Saturday,False,
559,2024-09-15,15,9,2024,Sunday,False,
560,2024-09-16,16,9,2024,Monday,False,
561,2024-09-17,17,9,2024,Tuesday,False,
562,2024-09-18,18,9,2024,Wednesday,False,
563,2024-09-19,19,9,2024,Thursday,False,
564,2024-09-20,20,9,2024,Friday,False,
565,2024-09-21,21,9,2024,Saturday,False,
566,2024-09-22,22,9,2024,Sunday,False,
567,2024-09-23,23,9,2024,Monday,False,
568,2024-09-24,24,9,2024,Tuesday,False,
569,2024-09-25,25,9,2024,Wednesday,False,
570,2024-09-26,26,9,2024,Thursday,False,
571,2024-09-27,27,9,2024,Friday,False,
572,2024-09-28,28,9,2024,Saturday,False,
573,2024-09-29,29,9,2024,Sunday,False,
574,2024-09-30,30,9,2024,Monday,False,
575,2024-10-01,1,10,2024,Tuesday,False,
576,2024-10-02,2,10,2024,Wednesday,False,
577,2024-10-03,3,10,2024,Thursday,False,
578,2024-10-04,4,10,2024,Friday,False,
579,2024-10-05,5,10,2024,Saturday,False,
580,2024-10-06,6,10,2024,Sunday,False,
581,2024-10-07,7,10,2024,Monday,False,
582,2024-10-08,8,10,2024,Tuesday,False,
583,2024-10-09,9,10,2024,Wednesday,False,
584,2024-10-10,10,10,2024,Thursday,False,
585,2024-10-11,11,10,2024,Friday,False,
586,2024-10-12,12,10,2024,Saturday,False,
587,2024-10-13,13,10,2024,Sunday,False,
588,2024-10-14,14,10,2024,Monday,False,
589,2024-10-15,15,10,2024,Tuesday,False,
590,2024-10-16,16,10,2024,Wednesday,False,
591,2024-10-17,17,10,2024,Thursday,False,
592,2024-10-18,18,10,2024,Friday,False,
593,2024-10-19,19,10,2024,Saturday,False,
594,2024-10-20,20,10,2024,Sunday,False,
595,2024-10-21,21,10,2024,Monday,False,
596,2024-10-22,22,10,2024,Tuesday,False,
597,2024-10-23,23,10,2024,Wednesday,False,
598,2024-10-24,24,10,2024,Thursday,False,
599,2024-10-25,25,10,2024,Friday,False,
600,2024-10-26,26,10,2024,Saturday,False,
601,2024-10-27,27,10,2024,Sunday,False,
602,2024-10-28,28,10,2024,Monday,False,
603,2024-10-29,29,10,2024,Tuesday,False,
604,2024-10-30,30,10,2024,Wednesday,False,
605,2024-10-31,31,10,2024,Thursday,False,
606,2024-11-01,1,11,2024,Friday,True,Toussaint
607,2024-11-02,2,11,2024,Saturday,False,
608,2024-11-03,3,11,2024,Sunday,False,
609,2024-11-04,4,11,2024,Monday,False,
610,2024-11-05,5,11,2024,Tuesday,False,
611,2024-11-06,6,11,2024,Wednesday,False,
612,2024-11-07,7,11,2024,Thursday,False,
613,2024-11-08,8,11,2024,Friday,False,
614,2024-11-09,9,11,2024,Saturday,False,
615,2024-11-10,10,11,2024,Sunday,False,
616,2024-11-11,11,11,2024,Monday,True,Armistice 1918
617,2024-11-12,12,11,2024,Tuesday,False,
618,2024-11-13,13,11,2024,Wednesday,False,
619,2024-11-14,14,11,2024,Thursday,False,
620,2024-11-15,15,11,2024,Friday,False,
621,2024-11-16,16,11,2024,Saturday,False,
622,2024-11-17,17,11,2024,Sunday,False,
623,2024-11-18,18,11,2024,Monday,False,
624,2024-11-19,19,11,2024,Tuesday,False,
625,2024-11-20,20,11,2024,Wednesday,False,
626,2024-11-21,21,11,2024,Thursday,False,
627,2024-11-22,22,11,2024,Friday,False,
628,2024-11-23,23,11,2024,Saturday,False,
629,2024-11-24,24,11,2024,Sunday,False,
630,2024-11-25,25,11,2024,Monday,False,
631,2024-11-26,26,11,2024,Tuesday,False,
632,2024-11-27,27,11,2024,Wednesday,False,
633,2024-11-28,28,11,2024,Thursday,False,
634,2024-11-29,29,11,2024,Friday,False,
635,2024-11-30,30,11,2024,Saturday,False,
636,2024-12-01,1,12,2024,Sunday,False,
637,2024-12-02,2,12,2024,Monday,False,
638,2024-12-03,3,12,2024,Tuesday,False,
639,2024-12-04,4,12,2024,Wednesday,False,
640,2024-12-05,5,12,2024,Thursday,False,
641,2024-12-06,6,12,2024,Friday,False,
642,2024-12-07,7,12,2024,Saturday,False,
643,2024-12-08,8,12,2024,Sunday,False,
644,2024-12-09,9,12,2024,Monday,False,
645,2024-12-10,10,12,2024,Tuesday,False,
646,2024-12-11,11,12,2024,Wednesday,False,
647,2024-12-12,12,12,2024,Thursday,False,
648,2024-12-13,13,12,2024,Friday,False,
649,2024-12-14,14,12,2024,Saturday,False,
650,2024-12-15,15,12,2024,Sunday,False,
651,2024-12-16,16,12,2024,Monday,False,
652,2024-12-17,17,12,2024,Tuesday,False,
653,2024-12-18,18,12,2024,Wednesday,False,
654,2024-12-19,19,12,2024,Thursday,False,
655,2024-12-20,20,12,2024,Friday,False,
656,2024-12-21,21,12,2024,Saturday,False,
657,2024-12-22,22,12,2024,Sunday,False,
658,2024-12-23,23,12,2024,Monday,False,
659,2024-12-24,24,12,2024,Tuesday,False,
660,2024-12-25,25,12,2024,Wednesday,True,Noël
661,2024-12-26,26,12,2024,Thursday,False,
662,2024-12-27,27,12,2024,Friday,False,
663,2024-12-28,28,12,2024,Saturday,False,
664,2024-12-29,29,12,2024,Sunday,False,
665,2024-12-30,30,12,2024,Monday,False,
666,2024-12-31,31,12,2024,Tuesday,False,
667,2025-01-01,1,1,2025,Wednesday,True,Jour de l'An
668,2025-01-02,2,1,2025,Thursday,False,
669,2025-01-03,3,1,2025,Friday,False,
670,2025-01-04,4,1,2025,Saturday,False,
671,2025-01-05,5,1,2025,Sunday,False,
672,2025-01-06,6,1,2025,Monday,False,
673,2025-01-07,7,1,2025,Tuesday,False,
674,2025-01-08,8,1,2025,Wednesday,False,
675,2025-01-09,9,1,2025,Thursday,False,
676,2025-01-10,10,1,2025,Friday,False,
677,2025-01-11,11,1,2025,Saturday,False,
678,2025-01-12,12,1,2025,Sunday,False,
679,2025-01-13,13,1,2025,Monday,False,
680,2025-01-14,14,1,2025,Tuesday,False,
681,2025-01-15,15,1,2025,Wednesday,False,
682,2025-01-16,16,1,2025,Thursday,False,
683,2025-01-17,17,1,2025,Friday,False,
684,2025-01-18,18,1,2025,Saturday,False,
685,2025-01-19,19,1,2025,Sunday,False,
686,2025-01-20,20,1,2025,Monday,False,
687,2025-01-21,21,1,2025,Tuesday,False,
688,2025-01-22,22,1,2025,Wednesday,False,
689,2025-01-23,23,1,2025,Thursday,False,
690,2025-01-24,24,1,2025,Friday,False,
691,2025-01-25,25,1,2025,Saturday,False,
692,2025-01-26,26,1,2025,Sunday,False,
693,2025-01-27,27,1,2025,Monday,False,
694,2025-01-28,28,1,2025,Tuesday,False,
695,2025-01-29,29,1,2025,Wednesday,False,
696,2025-01-30,30,1,2025,Thursday,False,
697,2025-01-31,31,1,2025,Friday,False,
698,2025-02-01,1,2,2025,Saturday,False,
699,2025-02-02,2,2,2025,Sunday,False,
700,2025-02-03,3,2,2025,Monday,False,
701,2025-02-04,4,2,2025,Tuesday,False,
702,2025-02-05,5,2,2025,Wednesday,False,
703,2025-02-06,6,2,2025,Thursday,False,
704,2025-02-07,7,2,2025,Friday,False,
705,2025-02-08,8,2,2025,Saturday,False,
706,2025-02-09,9,2,2025,Sunday,False,
707,2025-02-10,10,2,2025,Monday,False,
708,2025-02-11,11,2,2025,Tuesday,False,
709,2025-02-12,12,2,2025,Wednesday,False,
710,2025-02-13,13,2,2025,Thursday,False,
711,2025-02-14,14,2,2025,Friday,False,
712,2025-02-15,15,2,2025,Saturday,False,
713,2025-02-16,16,2,2025,Sunday,False,
714,2025-02-17,17,2,2025,Monday,False,
715,2025-02-18,18,2,2025,Tuesday,False,
716,2025-02-19,19,2,2025,Wednesday,False,
717,2025-02-20,20,2,2025,Thursday,False,
718,2025-02-21,21,2,2025,Friday,False,
719,2025-02-22,22,2,2025,Saturday,False,
720,2025-02-23,23,2,2025,Sunday,False,
721,2025-02-24,24,2,2025,Monday,False,
722,2025-02-25,25,2,2025,Tuesday,False,
723,2025-02-26,26,2,2025,Wednesday,False,
724,2025-02-27,27,2,2025,Thursday,False,
725,2025-02-28,28,2,2025,Friday,False,
726,2025-03-01,1,3,2025,Saturday,False,
727,2025-03-02,2,3,2025,Sunday,False,
728,2025-03-03,3,3,2025,Monday,False,
729,2025-03-04,4,3,2025,Tuesday,False,
730,2025-03-05,5,3,2025,Wednesday,False,
731,2025-03-06,6,3,2025,Thursday,False,
732,2025-03-07,7,3,2025,Friday,False,
733,2025-03-08,8,3,2025,Saturday,False,
734,2025-03-09,9,3,2025,Sunday,False,
735,2025-03-10,10,3,2025,Monday,False,
736,2025-03-11,11,3,2025,Tuesday,False,
737,2025-03-12,12,3,2025,Wednesday,False,
738,2025-03-13,13,3,2025,Thursday,False,
739,2025-03-14,14,3,2025,Friday,False,
740,2025-03-15,15,3,2025,Saturday,False,
741,2025-03-16,16,3,2025,Sunday,False,
742,2025-03-17,17,3,2025,Monday,False,
743,2025-03-18,18,3,2025,Tuesday,False,
744,2025-03-19,19,3,2025,Wednesday,False,
745,2025-03-20,20,3,2025,Thursday,False,
746,2025-03-21,21,3,2025,Friday,False,
747,2025-03-22,22,3,2025,Saturday,False,
748,2025-03-23,23,3,2025,Sunday,False,
749,2025-03-24,24,3,2025,Monday,False,
750,2025-03-25,25,3,2025,Tuesday,False,
751,2025-03-26,26,3,2025,Wednesday,False,
752,2025-03-27,27,3,2025,Thursday,False,
753,2025-03-28,28,3,2025,Friday,False,
754,2025-03-29,29,3,2025,Saturday,False,
755,2025-03-30,30,3,2025,Sunday,False,
756,2025-03-31,31,3,2025,Monday,False,
757,2025-04-01,1,4,2025,Tuesday,False,
758,2025-04-02,2,4,2025,Wednesday,False,
759,2025-04-03,3,4,2025,Thursday,False,
760,2025-04-04,4,4,2025,Friday,False,
761,2025-04-05,5,4,2025,Saturday,False,
762,2025-04-06,6,4,2025,Sunday,False,
763,2025-04-07,7,4,2025,Monday,False,
764,2025-04-08,8,4,2025,Tuesday,False,
765,2025-04-09,9,4,2025,Wednesday,False,
766,2025-04-10,10,4,2025,Thursday,False,
767,2025-04-11,11,4,2025,Friday,False,
768,2025-04-12,12,4,2025,Saturday,False,
769,2025-04-13,13,4,2025,Sunday,False,
770,2025-04-14,14,4,2025,Monday,False,
771,2025-04-15,15,4,2025,Tuesday,False,
772,2025-04-16,16,4,2025,Wednesday,False,
773,2025-04-17,17,4,2025,Thursday,False,
774,2025-04-18,18,4,2025,Friday,False,
775,2025-04-19,19,4,2025,Saturday,False,
776,2025-04-20,20,4,2025,Sunday,False,
777,2025-04-21,21,4,2025,Monday,False,
778,2025-04-22,22,4,2025,Tuesday,False,
779,2025-04-23,23,4,2025,Wednesday,False,
780,2025-04-24,24,4,2025,Thursday,False,
781,2025-04-25,25,4,2025,Friday,False,
782,2025-04-26,26,4,2025,Saturday,False,
783,2025-04-27,27,4,2025,Sunday,False,
784,2025-04-28,28,4,2025,Monday,False,
785,2025-04-29,29,4,2025,Tuesday,False,
786,2025-04-30,30,4,2025,Wednesday,False,
787,2025-05-01,1,5,2025,Thursday,True,Fête du Travail
788,2025-05-02,2,5,2025,Friday,False,
789,2025-05-03,3,5,2025,Saturday,False,
790,2025-05-04,4,5,2025,Sunday,False,
791,2025-05-05,5,5,2025,Monday,False,
792,2025-05-06,6,5,2025,Tuesday,False,
793,2025-05-07,7,5,2025,Wednesday,False,
794,2025-05-08,8,5,2025,Thursday,True,Victoire 1945
795,2025-05-09,9,5,2025,Friday,False,
796,2025-05-10,10,5,2025,Saturday,False,
797,2025-05-11,11,5,2025,Sunday,False,
798,2025-05-12,12,5,2025,Monday,False,
799,2025-05-13,13,5,2025,Tuesday,False,
800,2025-05-14,14,5,2025,Wednesday,False,
801,2025-05-15,15,5,2025,Thursday,False,
802,2025-05-16,16,5,2025,Friday,False,
803,2025-05-17,17,5,2025,Saturday,False,
804,2025-05-18,18,5,2025,Sunday,False,
805,2025-05-19,19,5,2025,Monday,False,
806,2025-05-20,20,5,2025,Tuesday,False,
807,2025-05-21,21,5,2025,Wednesday,False,
808,2025-05-22,22,5,2025,Thursday,False,
809,2025-05-23,23,5,2025,Friday,False,
810,2025-05-24,24,5,2025,Saturday,False,
811,2025-05-25,25,5,2025,Sunday,False,
812,2025-05-26,26,5,2025,Monday,False,
813,2025-05-27,27,5,2025,Tuesday,False,
814,2025-05-28,28,5,2025,Wednesday,False,
815,2025-05-29,29,5,2025,Thursday,False,
816,2025-05-30,30,5,2025,Friday,False,
817,2025-05-31,31,5,2025,Saturday,False,
818,2025-06-01,1,6,2025,Sunday,False,
819,2025-06-02,2,6,2025,Monday,False,
820,2025-06-03,3,6,2025,Tuesday,False,
821,2025-06-04,4,6,2025,Wednesday,False,
822,2025-06-05,5,6,2025,Thursday,False,
823,2025-06-06,6,6,2025,Friday,False,
824,2025-06-07,7,6,2025,Saturday,False,
825,2025-06-08,8,6,2025,Sunday,False,
826,2025-06-09,9,6,2025,Monday,False,
827,2025-06-10,10,6,2025,Tuesday,False,
828,2025-06-11,11,6,2025,Wednesday,False,
829,2025-06-12,12,6,2025,Thursday,False,
830,2025-06-13,13,6,2025,Friday,False,
831,2025-06-14,14,6,2025,Saturday,False,
832,2025-06-15,15,6,2025,Sunday,False,
833,2025-06-16,16,6,2025,Monday,False,
834,2025-06-17,17,6,2025,Tuesday,False,
835,2025-06-18,18,6,2025,Wednesday,False,
836,2025-06-19,19,6,2025,Thursday,False,
837,2025-06-20,20,6,2025,Friday,False,
838,2025-06-21,21,6,2025,Saturday,False,
839,2025-06-22,22,6,2025,Sunday,False,
840,2025-06-23,23,6,2025,Monday,False,
841,2025-06-24,24,6,2025,Tuesday,False,
842,2025-06-25,25,6,2025,Wednesday,False,
843,2025-06-26,26,6,2025,Thursday,False,
844,2025-06-27,27,6,2025,Friday,False,
845,2025-06-28,28,6,2025,Saturday,False,
846,2025-06-29,29,6,2025,Sunday,False,
847,2025-06-30,30,6,2025,Monday,False,
848,2025-07-01,1,7,2025,Tuesday,False,
849,2025-07-02,2,7,2025,Wednesday,False,
850,2025-07-03,3,7,2025,Thursday,False,
851,2025-07-04,4,7,2025,Friday,False,
852,2025-07-05,5,7,2025,Saturday,False,
853,2025-07-06,6,7,2025,Sunday,False,
854,2025-07-07,7,7,2025,Monday,False,
855,2025-07-08,8,7,2025,Tuesday,False,
856,2025-07-09,9,7,2025,Wednesday,False,
857,2025-07-10,10,7,2025,Thursday,False,
858,2025-07-11,11,7,2025,Friday,False,
859,2025-07-12,12,7,2025,Saturday,False,
860,2025-07-13,13,7,2025,Sunday,False,
861,2025-07-14,14,7,2025,Monday,True,Fête Nationale
862,2025-07-15,15,7,2025,Tuesday,False,
863,2025-07-16,16,7,2025,Wednesday,False,
864,2025-07-17,17,7,2025,Thursday,False,
865,2025-07-18,18,7,2025,Friday,False,
866,2025-07-19,19,7,2025,Saturday,False,
867,2025-07-20,20,7,2025,Sunday,False,
868,2025-07-21,21,7,2025,Monday,False,
869,2025-07-22,22,7,2025,Tuesday,False,
870,2025-07-23,23,7,2025,Wednesday,False,
871,2025-07-24,24,7,2025,Thursday,False,
872,2025-07-25,25,7,2025,Friday,False,
873,2025-07-26,26,7,2025,Saturday,False,
874,2025-07-27,27,7,2025,Sunday,False,
875,2025-07-28,28,7,2025,Monday,False,
876,2025-07-29,29,7,2025,Tuesday,False,
877,2025-07-30,30,7,2025,Wednesday,False,
878,2025-07-31,31,7,2025,Thursday,False,
879,2025-08-01,1,8,2025,Friday,False,
880,2025-08-02,2,8,2025,Saturday,False,
881,2025-08-03,3,8,2025,Sunday,False,
882,2025-08-04,4,8,2025,Monday,False,
883,2025-08-05,5,8,2025,Tuesday,False,
884,2025-08-06,6,8,2025,Wednesday,False,
885,2025-08-07,7,8,2025,Thursday,False,
886,2025-08-08,8,8,2025,Friday,False,
887,2025-08-09,9,8,2025,Saturday,False,
888,2025-08-10,10,8,2025,Sunday,False,
889,2025-08-11,11,8,2025,Monday,False,
890,2025-08-12,12,8,2025,Tuesday,False,
891,2025-08-13,13,8,2025,Wednesday,False,
892,2025-08-14,14,8,2025,Thursday,False,
893,2025-08-15,15,8,2025,Friday,True,Assomption
894,2025-08-16,16,8,2025,Saturday,False,
895,2025-08-17,17,8,2025,Sunday,False,
896,2025-08-18,18,8,2025,Monday,False,
897,2025-08-19,19,8,2025,Tuesday,False,
898,2025-08-20,20,8,2025,Wednesday,False,
899,2025-08-21,21,8,2025,Thursday,False,
900,2025-08-22,22,8,2025,Friday,False,
901,2025-08-23,23,8,2025,Saturday,False,
902,2025-08-24,24,8,2025,Sunday,False,
903,2025-08-25,25,8,2025,Monday,False,
904,2025-08-26,26,8,2025,Tuesday,False,
905,2025-08-27,27,8,2025,Wednesday,False,
906,2025-08-28,28,8,2025,Thursday,False,
907,2025-08-29,29,8,2025,Friday,False,
908,2025-08-30,30,8,2025,Saturday,False,
909,2025-08-31,31,8,2025,Sunday,False,
910,2025-09-01,1,9,2025,Monday,False,
911,2025-09-02,2,9,2025,Tuesday,False,
912,2025-09-03,3,9,2025,Wednesday,False,
913,2025-09-04,4,9,2025,Thursday,False,
914,2025-09-05,5,9,2025,Friday,False,
915,2025-09-06,6,9,2025,Saturday,False,
916,2025-09-07,7,9,2025,Sunday,False,
917,2025-09-08,8,9,2025,Monday,False,
918,2025-09-09,9,9,2025,Tuesday,False,
919,2025-09-10,10,9,2025,Wednesday,False,
920,2025-09-11,11,9,2025,Thursday,False,
921,2025-09-12,12,9,2025,Friday,False,
922,2025-09-13,13,9,2025,Saturday,False,
923,2025-09-14,14,9,2025,Sunday,False,
924,2025-09-15,15,9,2025,Monday,False,
925,2025-09-16,16,9,2025,Tuesday,False,
926,2025-09-17,17,9,2025,Wednesday,False,
927,2025-09-18,18,9,2025,Thursday,False,
928,2025-09-19,19,9,2025,Friday,False,
929,2025-09-20,20,9,2025,Saturday,False,
930,2025-09-21,21,9,2025,Sunday,False,
931,2025-09-22,22,9,2025,Monday,False,
932,2025-09-23,23,9,2025,Tuesday,False,
933,2025-09-24,24,9,2025,Wednesday,False,
934,2025-09-25,25,9,2025,Thursday,False,
935,2025-09-26,26,9,2025,Friday,False,
936,2025-09-27,27,9,2025,Saturday,False,
937,2025-09-28,28,9,2025,Sunday,False,
938,2025-09-29,29,9,2025,Monday,False,
939,2025-09-30,30,9,2025,Tuesday,False,
940,2025-10-01,1,10,2025,Wednesday,False,
941,2025-10-02,2,10,2025,Thursday,False,
942,2025-10-03,3,10,2025,Friday,False,
943,2025-10-04,4,10,2025,Saturday,False,
944,2025-10-05,5,10,2025,Sunday,False,
945,2025-10-06,6,10,2025,Monday,False,
946,2025-10-07,7,10,2025,Tuesday,False,
947,2025-10-08,8,10,2025,Wednesday,False,
948,2025-10-09,9,10,2025,Thursday,False,
949,2025-10-10,10,10,2025,Friday,False,
950,2025-10-11,11,10,2025,Saturday,False,
951,2025-10-12,12,10,2025,Sunday,False,
952,2025-10-13,13,10,2025,Monday,False,
953,2025-10-14,14,10,2025,Tuesday,False,
954,2025-10-15,15,10,2025,Wednesday,False,
955,2025-10-16,16,10,2025,Thursday,False,
956,2025-10-17,17,10,2025,Friday,False,
957,2025-10-18,18,10,2025,Saturday,False,
958,2025-10-19,19,10,2025,Sunday,False,
959,2025-10-20,20,10,2025,Monday,False,
960,2025-10-21,21,10,2025,Tuesday,False,
961,2025-10-22,22,10,2025,Wednesday,False,
962,2025-10-23,23,10,2025,Thursday,False,
963,2025-10-24,24,10,2025,Friday,False,
964,2025-10-25,25,10,2025,Saturday,False,
965,2025-10-26,26,10,2025,Sunday,False,
966,2025-10-27,27,10,2025,Monday,False,
967,2025-10-28,28,10,2025,Tuesday,False,
968,2025-10-29,29,10,2025,Wednesday,False,
969,2025-10-30,30,10,2025,Thursday,False,
970,2025-10-31,31,10,2025,Friday,False,
971,2025-11-01,1,11,2025,Saturday,True,Toussaint
972,2025-11-02,2,11,2025,Sunday,False,
973,2025-11-03,3,11,2025,Monday,False,
974,2025-11-04,4,11,2025,Tuesday,False,
975,2025-11-05,5,11,2025,Wednesday,False,
976,2025-11-06,6,11,2025,Thursday,False,
977,2025-11-07,7,11,2025,Friday,False,
978,2025-11-08,8,11,2025,Saturday,False,
979,2025-11-09,9,11,2025,Sunday,False,
980,2025-11-10,10,11,2025,Monday,False,
981,2025-11-11,11,11,2025,Tuesday,True,Armistice 1918
982,2025-11-12,12,11,2025,Wednesday,False,
983,2025-11-13,13,11,2025,Thursday,False,
984,2025-11-14,14,11,2025,Friday,False,
985,2025-11-15,15,11,2025,Saturday,False,
986,2025-11-16,16,11,2025,Sunday,False,
987,2025-11-17,17,11,2025,Monday,False,
988,2025-11-18,18,11,2025,Tuesday,False,
989,2025-11-19,19,11,2025,Wednesday,False,
990,2025-11-20,20,11,2025,Thursday,False,
991,2025-11-21,21,11,2025,Friday,False,
992,2025-11-22,22,11,2025,Saturday,False,
993,2025-11-23,23,11,2025,Sunday,False,
994,2025-11-24,24,11,2025,Monday,False,
995,2025-11-25,25,11,2025,Tuesday,False,
996,2025-11-26,26,11,2025,Wednesday,False,
997,2025-11-27,27,11,2025,Thursday,False,
998,2025-11-28,28,11,2025,Friday,False,
999,2025-11-29,29,11,2025,Saturday,False,
1000,2025-11-30,30,11,2025,Sunday,False,
1001,2025-12-01,1,12,2025,Monday,False,
1002,2025-12-02,2,12,2025,Tuesday,False,
1003,2025-12-03,3,12,2025,Wednesday,False,
1004,2025-12-04,4,12,2025,Thursday,False,
1005,2025-12-05,5,12,2025,Friday,False,
1006,2025-12-06,6,12,2025,Saturday,False,
1007,2025-12-07,7,12,2025,Sunday,False,
1008,2025-12-08,8,12,2025,Monday,False,
1009,2025-12-09,9,12,2025,Tuesday,False,
1010,2025-12-10,10,12,2025,Wednesday,False,
1011,2025-12-11,11,12,2025,Thursday,False,
1012,2025-12-12,12,12,2025,Friday,False,
1013,2025-12-13,13,12,2025,Saturday,False,
1014,2025-12-14,14,12,2025,Sunday,False,
1015,2025-12-15,15,12,2025,Monday,False,
1016,2025-12-16,16,12,2025,Tuesday,False,
1017,2025-12-17,17,12,2025,Wednesday,False,
1018,2025-12-18,18,12,2025,Thursday,False,
1019,2025-12-19,19,12,2025,Friday,False,
1020,2025-12-20,20,12,2025,Saturday,False,
1021,2025-12-21,21,12,2025,Sunday,False,
1022,2025-12-22,22,12,2025,Monday,False,
1023,2025-12-23,23,12,2025,Tuesday,False,
1024,2025-12-24,24,12,2025,Wednesday,False,
1025,2025-12-25,25,12,2025,Thursday,True,Noël
1026,2025-12-26,26,12,2025,Friday,False,
1027,2025-12-27,27,12,2025,Saturday,False,
1028,2025-12-28,28,12,2025,Sunday,False,
1029,2025-12-29,29,12,2025,Monday,False,
1030,2025-12-30,30,12,2025,Tuesday,False,
1031,2025-12-31,31,12,2025,Wednesday,False,
1032,2026-01-01,1,1,2026,Thursday,True,Jour de l'An
1033,2026-01-02,2,1,2026,Friday,False,
1034,2026-01-03,3,1,2026,Saturday,False,
1035,2026-01-04,4,1,2026,Sunday,False,
1036,2026-01-05,5,1,2026,Monday,False,
1037,2026-01-06,6,1,2026,Tuesday,False,
1038,2026-01-07,7,1,2026,Wednesday,False,
1039,2026-01-08,8,1,2026,Thursday,False,
1040,2026-01-09,9,1,2026,Friday,False,
1041,2026-01-10,10,1,2026,Saturday,False,
1042,2026-01-11,11,1,2026,Sunday,False,
1043,2026-01-12,12,1,2026,Monday,False,
1044,2026-01-13,13,1,2026,Tuesday,False,
1045,2026-01-14,14,1,2026,Wednesday,False,
1046,2026-01-15,15,1,2026,Thursday,False,
1047,2026-01-16,16,1,2026,Friday,False,
1048,2026-01-17,17,1,2026,Saturday,False,
1049,2026-01-18,18,1,2026,Sunday,False,
1050,2026-01-19,19,1,2026,Monday,False,
1051,2026-01-20,20,1,2026,Tuesday,False,
1052,2026-01-21,21,1,2026,Wednesday,False,
1053,2026-01-22,22,1,2026,Thursday,False,
1054,2026-01-23,23,1,2026,Friday,False,
1055,2026-01-24,24,1,2026,Saturday,False,
1056,2026-01-25,25,1,2026,Sunday,False,
1057,2026-01-26,26,1,2026,Monday,False,
1058,2026-01-27,27,1,2026,Tuesday,False,
1059,2026-01-28,28,1,2026,Wednesday,False,
1060,2026-01-29,29,1,2026,Thursday,False,
1061,2026-01-30,30,1,2026,Friday,False,
1062,2026-01-31,31,1,2026,Saturday,False,
1063,2026-02-01,1,2,2026,Sunday,False,
1064,2026-02-02,2,2,2026,Monday,False,
1065,2026-02-03,3,2,2026,Tuesday,False,
1066,2026-02-04,4,2,2026,Wednesday,False,
1067,2026-02-05,5,2,2026,Thursday,False,
1068,2026-02-06,6,2,2026,Friday,False,
1069,2026-02-07,7,2,2026,Saturday,False,
1070,2026-02-08,8,2,2026,Sunday,False,
1071,2026-02-09,9,2,2026,Monday,False,
1072,2026-02-10,10,2,2026,Tuesday,False,
1073,2026-02-11,11,2,2026,Wednesday,False,
1074,2026-02-12,12,2,2026,Thursday,False,
1075,2026-02-13,13,2,2026,Friday,False,
1076,2026-02-14,14,2,2026,Saturday,False,
1077,2026-02-15,15,2,2026,Sunday,False,
1078,2026-02-16,16,2,2026,Monday,False,
1079,2026-02-17,17,2,2026,Tuesday,False,
1080,2026-02-18,18,2,2026,Wednesday,False,
1081,2026-02-19,19,2,2026,Thursday,False,
1082,2026-02-20,20,2,2026,Friday,False,
1083,2026-02-21,21,2,2026,Saturday,False,
1084,2026-02-22,22,2,2026,Sunday,False,
1085,2026-02-23,23,2,2026,Monday,False,
1086,2026-02-24,24,2,2026,Tuesday,False,
1087,2026-02-25,25,2,2026,Wednesday,False,
1088,2026-02-26,26,2,2026,Thursday,False,
1089,2026-02-27,27,2,2026,Friday,False,
1090,2026-02-28,28,2,2026,Saturday,False,
1091,2026-03-01,1,3,2026,Sunday,False,
1092,2026-03-02,2,3,2026,Monday,False,
1093,2026-03-03,3,3,2026,Tuesday,False,
1094,2026-03-04,4,3,2026,Wednesday,False,
1095,2026-03-05,5,3,2026,Thursday,False,
1096,2026-03-06,6,3,2026,Friday,False,
1097,2016-03-08,8,3,2016,Tuesday,False,
1098,1997-03-13,13,3,1997,Thursday,False,
1099,1996-03-13,13,3,1996,Wednesday,False,
1100,1973-03-19,19,3,1973,Monday,False,
1101,1965-03-21,21,3,1965,Sunday,False,
1102,1993-03-14,14,3,1993,Sunday,False,
1103,2004-03-11,11,3,2004,Thursday,False,
1104,1992-03-14,14,3,1992,Saturday,False,
1105,2003-03-12,12,3,2003,Wednesday,False,
1106,2020-03-07,7,3,2020,Saturday,False,
1107,1969-03-20,20,3,1969,Thursday,False,
1108,1989-03-15,15,3,1989,Wednesday,False,
1109,1972-03-19,19,3,1972,Sunday,False,
1110,1964-03-21,21,3,1964,Saturday,False,
1111,1994-03-14,14,3,1994,Monday,False,
1112,1995-03-14,14,3,1995,Tuesday,False,
1113,1968-03-20,20,3,1968,Wednesday,False,
1114,1991-03-15,15,3,1991,Friday,False,
1115,1999-03-13,13,3,1999,Saturday,False,
1116,1983-03-17,17,3,1983,Thursday,False,
1117,2001-03-12,12,3,2001,Monday,False,
1118,2018-03-08,8,3,2018,Thursday,False,
1119,1960-03-22,22,3,1960,Tuesday,False,
1120,1986-03-16,16,3,1986,Sunday,False,
1121,1971-03-20,20,3,1971,Saturday,False,
1122,1982-03-17,17,3,1982,Wednesday,False,
1123,1990-03-15,15,3,1990,Thursday,False,
1124,1962-03-22,22,3,1962,Thursday,False,
1125,2002-03-12,12,3,2002,Tuesday,False,
1126,2000-03-12,12,3,2000,Sunday,False,
1127,1988-03-15,15,3,1988,Tuesday,False,
1128,2021-03-07,7,3,2021,Sunday,False,
1129,1987-03-16,16,3,1987,Monday,False,
1130,2022-03-07,7,3,2022,Monday,False,
1131,1980-03-17,17,3,1980,Monday,False,
1132,1974-03-19,19,3,1974,Tuesday,False,
1133,1977-03-18,18,3,1977,Friday,False,
1134,1981-03-17,17,3,1981,Tuesday,False,
1135,1970-03-20,20,3,1970,Friday,False,
1136,1984-03-16,16,3,1984,Friday,False,
1137,1961-03-22,22,3,1961,Wednesday,False,
1138,1967-03-21,21,3,1967,Tuesday,False,
1139,1985-03-16,16,3,1985,Saturday,False,
1140,1963-03-22,22,3,1963,Friday,False,
1141,2019-03-08,8,3,2019,Friday,False,
1142,1978-03-18,18,3,1978,Saturday,False,
1143,2017-03-08,8,3,2017,Wednesday,False,
1144,2015-03-09,9,3,2015,Monday,False,
1145,1998-03-13,13,3,1998,Friday,False,
1146,2000-07-13,13,7,2000,Thursday,False,
1147,2003-07-14,14,7,2003,Monday,False,
1148,2015-06-18,18,6,2015,Thursday,False,
1149,2003-09-11,11,9,2003,Thursday,False,
1150,2004-06-13,13,6,2004,Sunday,False,
2150,2003-05-20,20,5,2003,Tuesday,False,
